replicate_id,scenario,method,base_seed,motion_seed,fault_seed,requests,accepted,true_accepts,false_accepts,FV,availability,UAR,enclosures_tested,containment_failures,realized_delay_frames,realized_packet_losses,realized_reorder_events,reorder_inversions,restart_events,obsolete_epoch_packets_injected,obsolete_epoch_packets_selected,estimator_degradation_events,frame_mismatch_events,clock_invalidations,clock_reestablishments,clock_offset_fault_events,max_effective_rho_ms,max_truth_speed_mps,max_delayed_age_ms,max_propagated_motion_m
0,normal,B0,42,16810207103304354796,8687198390195018361,100,100,100,0,0,1,0,0,0,0,0,0,0,0,0,0,0,0,0,0,0,3,2.7158908056633426,103,1.0753515704177867
0,normal,B1,42,16810207103304354796,8687198390195018361,100,100,100,0,0,1,0,0,0,0,0,0,0,0,0,0,0,0,0,0,0,3,2.7158908056633426,103,1.0753515704177867
0,normal,P,42,16810207103304354796,8687198390195018361,100,99,99,0,0,0.98999999999999999,0,297,0,0,0,0,0,0,0,0,0,0,0,0,0,3,2.7158908056633426,103,1.0753515704177867
1,normal,B0,42,4668941500697059185,17882897172284482572,100,100,100,0,0,1,0,0,0,0,0,0,0,0,0,0,0,0,0,0,0,3,4.8278059529620485,103,1.0753515704177867
1,normal,B1,42,4668941500697059185,17882897172284482572,100,100,100,0,0,1,0,0,0,0,0,0,0,0,0,0,0,0,0,0,0,3,4.8278059529620485,103,1.0753515704177867
1,normal,P,42,4668941500697059185,17882897172284482572,100,99,99,0,0,0.98999999999999999,0,297,0,0,0,0,0,0,0,0,0,0,0,0,0,3,4.8278059529620485,103,1.0753515704177867
2,normal,B0,42,16320440670712453270,14352241313860826339,100,100,100,0,0,1,0,0,0,0,0,0,0,0,0,0,0,0,0,0,0,3,4.2326149242817177,103,1.0753515704177867
2,normal,B1,42,16320440670712453270,14352241313860826339,100,100,100,0,0,1,0,0,0,0,0,0,0,0,0,0,0,0,0,0,0,3,4.2326149242817177,103,1.0753515704177867
2,normal,P,42,16320440670712453270,14352241313860826339,100,99,99,0,0,0.98999999999999999,0,297,0,0,0,0,0,0,0,0,0,0,0,0,0,3,4.2326149242817177,103,1.0753515704177867
3,normal,B0,42,11593834175221393723,9542927380499930806,100,100,100,0,0,1,0,0,0,0,0,0,0,0,0,0,0,0,0,0,0,3,5.3992324948954025,103,1.0753515704177867
3,normal,B1,42,11593834175221393723,9542927380499930806,100,100,100,0,0,1,0,0,0,0,0,0,0,0,0,0,0,0,0,0,0,3,5.3992324948954025,103,1.0753515704177867
3,normal,P,42,11593834175221393723,9542927380499930806,100,99,99,0,0,0.98999999999999999,0,297,0,0,0,0,0,0,0,0,0,0,0,0,0,3,5.3992324948954025,103,1.0753515704177867
4,normal,B0,42,3347813090986583384,5316586305808130861,100,100,100,0,0,1,0,0,0,0,0,0,0,0,0,0,0,0,0,0,0,3,4.6626369101779854,103,1.0753515704177867
4,normal,B1,42,3347813090986583384,5316586305808130861,100,100,100,0,0,1,0,0,0,0,0,0,0,0,0,0,0,0,0,0,0,3,4.6626369101779854,103,1.0753515704177867
4,normal,P,42,3347813090986583384,5316586305808130861,100,99,99,0,0,0.98999999999999999,0,297,0,0,0,0,0,0,0,0,0,0,0,0,0,3,4.6626369101779854,103,1.0753515704177867
5,normal,B0,42,16534674281161132573,4823107835940203088,100,100,100,0,0,1,0,0,0,0,0,0,0,0,0,0,0,0,0,0,0,3,5.156626808531998,103,1.0753515704177867
5,normal,B1,42,16534674281161132573,4823107835940203088,100,100,100,0,0,1,0,0,0,0,0,0,0,0,0,0,0,0,0,0,0,3,5.156626808531998,103,1.0753515704177867
5,normal,P,42,16534674281161132573,4823107835940203088,100,99,99,0,0,0.98999999999999999,0,297,0,0,0,0,0,0,0,0,0,0,0,0,0,3,5.156626808531998,103,1.0753515704177867
6,normal,B0,42,1869434951182979682,11358803517899504759,100,100,100,0,0,1,0,0,0,0,0,0,0,0,0,0,0,0,0,0,0,3,5.2437020890048096,103,1.0753515704177867
6,normal,B1,42,1869434951182979682,11358803517899504759,100,100,100,0,0,1,0,0,0,0,0,0,0,0,0,0,0,0,0,0,0,3,5.2437020890048096,103,1.0753515704177867
6,normal,P,42,1869434951182979682,11358803517899504759,100,99,99,0,0,0.98999999999999999,0,297,0,0,0,0,0,0,0,0,0,0,0,0,0,3,5.2437020890048096,103,1.0753515704177867
7,normal,B0,42,15165218386447993671,11676227874985488122,100,100,100,0,0,1,0,0,0,0,0,0,0,0,0,0,0,0,0,0,0,3,4.6047102611126309,103,1.0753515704177867
7,normal,B1,42,15165218386447993671,11676227874985488122,100,100,100,0,0,1,0,0,0,0,0,0,0,0,0,0,0,0,0,0,0,3,4.6047102611126309,103,1.0753515704177867
7,normal,P,42,15165218386447993671,11676227874985488122,100,99,99,0,0,0.98999999999999999,0,297,0,0,0,0,0,0,0,0,0,0,0,0,0,3,4.6047102611126309,103,1.0753515704177867
8,normal,B0,42,925738743642114676,14939396845030283857,100,100,100,0,0,1,0,0,0,0,0,0,0,0,0,0,0,0,0,0,0,3,4.2251645968200817,103,1.0753515704177867
8,normal,B1,42,925738743642114676,14939396845030283857,100,100,100,0,0,1,0,0,0,0,0,0,0,0,0,0,0,0,0,0,0,3,4.2251645968200817,103,1.0753515704177867
8,normal,P,42,925738743642114676,14939396845030283857,100,99,99,0,0,0.98999999999999999,0,297,0,0,0,0,0,0,0,0,0,0,0,0,0,3,4.2251645968200817,103,1.0753515704177867
9,normal,B0,42,18424644545096847385,6942354479063741732,100,100,100,0,0,1,0,0,0,0,0,0,0,0,0,0,0,0,0,0,0,3,5.021949768325805,103,1.0753515704177867
9,normal,B1,42,18424644545096847385,6942354479063741732,100,100,100,0,0,1,0,0,0,0,0,0,0,0,0,0,0,0,0,0,0,3,5.021949768325805,103,1.0753515704177867
9,normal,P,42,18424644545096847385,6942354479063741732,100,99,99,0,0,0.98999999999999999,0,297,0,0,0,0,0,0,0,0,0,0,0,0,0,3,5.021949768325805,103,1.0753515704177867
10,normal,B0,42,1197137687119922334,9711996192073547611,100,100,100,0,0,1,0,0,0,0,0,0,0,0,0,0,0,0,0,0,0,3,5.3857819261717248,103,1.0753515704177867
10,normal,B1,42,1197137687119922334,9711996192073547611,100,100,100,0,0,1,0,0,0,0,0,0,0,0,0,0,0,0,0,0,0,3,5.3857819261717248,103,1.0753515704177867
10,normal,P,42,1197137687119922334,9711996192073547611,100,99,99,0,0,0.98999999999999999,0,297,0,0,0,0,0,0,0,0,0,0,0,0,0,3,5.3857819261717248,103,1.0753515704177867
11,normal,B0,42,12889497012818321507,5407144711208289070,100,100,100,0,0,1,0,0,0,0,0,0,0,0,0,0,0,0,0,0,0,3,4.3663996907055758,103,1.0753515704177867
11,normal,B1,42,12889497012818321507,5407144711208289070,100,100,100,0,0,1,0,0,0,0,0,0,0,0,0,0,0,0,0,0,0,3,4.3663996907055758,103,1.0753515704177867
11,normal,P,42,12889497012818321507,5407144711208289070,100,99,99,0,0,0.98999999999999999,0,297,0,0,0,0,0,0,0,0,0,0,0,0,0,3,4.3663996907055758,103,1.0753515704177867
12,normal,B0,42,564723016766813184,4175692121600743109,100,100,100,0,0,1,0,0,0,0,0,0,0,0,0,0,0,0,0,0,0,3,2.9113974897065553,103,1.0753515704177867
12,normal,B1,42,564723016766813184,4175692121600743109,100,100,100,0,0,1,0,0,0,0,0,0,0,0,0,0,0,0,0,0,0,3,2.9113974897065553,103,1.0753515704177867
12,normal,P,42,564723016766813184,4175692121600743109,100,99,99,0,0,0.98999999999999999,0,297,0,0,0,0,0,0,0,0,0,0,0,0,0,3,2.9113974897065553,103,1.0753515704177867
13,normal,B0,42,1139813661928537189,13005321690384329224,100,100,100,0,0,1,0,0,0,0,0,0,0,0,0,0,0,0,0,0,0,3,5.2881318784673308,103,1.0753515704177867
13,normal,B1,42,1139813661928537189,13005321690384329224,100,100,100,0,0,1,0,0,0,0,0,0,0,0,0,0,0,0,0,0,0,3,5.2881318784673308,103,1.0753515704177867
13,normal,P,42,1139813661928537189,13005321690384329224,100,99,99,0,0,0.98999999999999999,0,297,0,0,0,0,0,0,0,0,0,0,0,0,0,3,5.2881318784673308,103,1.0753515704177867
14,normal,B0,42,11109762063541617482,17136760626377637807,100,100,100,0,0,1,0,0,0,0,0,0,0,0,0,0,0,0,0,0,0,3,4.5389053293675046,103,1.0753515704177867
14,normal,B1,42,11109762063541617482,17136760626377637807,100,100,100,0,0,1,0,0,0,0,0,0,0,0,0,0,0,0,0,0,0,3,4.5389053293675046,103,1.0753515704177867
14,normal,P,42,11109762063541617482,17136760626377637807,100,99,99,0,0,0.98999999999999999,0,297,0,0,0,0,0,0,0,0,0,0,0,0,0,3,4.5389053293675046,103,1.0753515704177867
15,normal,B0,42,13619859224420957711,7344018529976530834,100,100,100,0,0,1,0,0,0,0,0,0,0,0,0,0,0,0,0,0,0,3,5.4567472568148894,103,1.0753515704177867
15,normal,B1,42,13619859224420957711,7344018529976530834,100,100,100,0,0,1,0,0,0,0,0,0,0,0,0,0,0,0,0,0,0,3,5.4567472568148894,103,1.0753515704177867
15,normal,P,42,13619859224420957711,7344018529976530834,100,99,99,0,0,0.98999999999999999,0,297,0,0,0,0,0,0,0,0,0,0,0,0,0,3,5.4567472568148894,103,1.0753515704177867
16,normal,B0,42,17159192876407639708,1633847409916520873,100,100,100,0,0,1,0,0,0,0,0,0,0,0,0,0,0,0,0,0,0,3,3.5751401130886258,103,1.0753515704177867
16,normal,B1,42,17159192876407639708,1633847409916520873,100,100,100,0,0,1,0,0,0,0,0,0,0,0,0,0,0,0,0,0,0,3,3.5751401130886258,103,1.0753515704177867
16,normal,P,42,17159192876407639708,1633847409916520873,100,99,99,0,0,0.98999999999999999,0,297,0,0,0,0,0,0,0,0,0,0,0,0,0,3,3.5751401130886258,103,1.0753515704177867
17,normal,B0,42,16123066810707161761,16632255442209221500,100,100,100,0,0,1,0,0,0,0,0,0,0,0,0,0,0,0,0,0,0,3,4.439289413039746,103,1.0753515704177867
17,normal,B1,42,16123066810707161761,16632255442209221500,100,100,100,0,0,1,0,0,0,0,0,0,0,0,0,0,0,0,0,0,0,3,4.439289413039746,103,1.0753515704177867
17,normal,P,42,16123066810707161761,16632255442209221500,100,99,99,0,0,0.98999999999999999,0,297,0,0,0,0,0,0,0,0,0,0,0,0,0,3,4.439289413039746,103,1.0753515704177867
18,normal,B0,42,17255731612241714630,696214371513751507,100,100,100,0,0,1,0,0,0,0,0,0,0,0,0,0,0,0,0,0,0,3,5.0749059806430497,103,1.0753515704177867
18,normal,B1,42,17255731612241714630,696214371513751507,100,100,100,0,0,1,0,0,0,0,0,0,0,0,0,0,0,0,0,0,0,3,5.0749059806430497,103,1.0753515704177867
18,normal,P,42,17255731612241714630,696214371513751507,100,99,99,0,0,0.98999999999999999,0,297,0,0,0,0,0,0,0,0,0,0,0,0,0,3,5.0749059806430497,103,1.0753515704177867
19,normal,B0,42,13883523294833848875,4099602653578452198,100,100,100,0,0,1,0,0,0,0,0,0,0,0,0,0,0,0,0,0,0,3,4.8906522878844765,103,1.0753515704177867
19,normal,B1,42,13883523294833848875,4099602653578452198,100,100,100,0,0,1,0,0,0,0,0,0,0,0,0,0,0,0,0,0,0,3,4.8906522878844765,103,1.0753515704177867
19,normal,P,42,13883523294833848875,4099602653578452198,100,99,99,0,0,0.98999999999999999,0,297,0,0,0,0,0,0,0,0,0,0,0,0,0,3,4.8906522878844765,103,1.0753515704177867
20,normal,B0,42,5193794695500498632,8653163728456506141,100,100,100,0,0,1,0,0,0,0,0,0,0,0,0,0,0,0,0,0,0,3,4.6698011834472348,103,1.0753515704177867
20,normal,B1,42,5193794695500498632,8653163728456506141,100,100,100,0,0,1,0,0,0,0,0,0,0,0,0,0,0,0,0,0,0,3,4.6698011834472348,103,1.0753515704177867
20,normal,P,42,5193794695500498632,8653163728456506141,100,99,99,0,0,0.98999999999999999,0,297,0,0,0,0,0,0,0,0,0,0,0,0,0,3,4.6698011834472348,103,1.0753515704177867
21,normal,B0,42,12200570134785767245,16501050765936863488,100,100,100,0,0,1,0,0,0,0,0,0,0,0,0,0,0,0,0,0,0,3,5.366372619492072,103,1.0753515704177867
21,normal,B1,42,12200570134785767245,16501050765936863488,100,100,100,0,0,1,0,0,0,0,0,0,0,0,0,0,0,0,0,0,0,3,5.366372619492072,103,1.0753515704177867
21,normal,P,42,12200570134785767245,16501050765936863488,100,99,99,0,0,0.98999999999999999,0,297,0,0,0,0,0,0,0,0,0,0,0,0,0,3,5.366372619492072,103,1.0753515704177867
22,normal,B0,42,6639034778626213330,7976526118803047719,100,100,100,0,0,1,0,0,0,0,0,0,0,0,0,0,0,0,0,0,0,3,3.2344187275339005,103,1.0753515704177867
22,normal,B1,42,6639034778626213330,7976526118803047719,100,100,100,0,0,1,0,0,0,0,0,0,0,0,0,0,0,0,0,0,0,3,3.2344187275339005,103,1.0753515704177867
22,normal,P,42,6639034778626213330,7976526118803047719,100,99,99,0,0,0.98999999999999999,0,297,0,0,0,0,0,0,0,0,0,0,0,0,0,3,3.2344187275339005,103,1.0753515704177867
23,normal,B0,42,5188156410933320695,13896772695105200170,100,100,100,0,0,1,0,0,0,0,0,0,0,0,0,0,0,0,0,0,0,3,5.1618258393395058,103,1.0753515704177867
23,normal,B1,42,5188156410933320695,13896772695105200170,100,100,100,0,0,1,0,0,0,0,0,0,0,0,0,0,0,0,0,0,0,3,5.1618258393395058,103,1.0753515704177867
23,normal,P,42,5188156410933320695,13896772695105200170,100,99,99,0,0,0.98999999999999999,0,297,0,0,0,0,0,0,0,0,0,0,0,0,0,3,5.1618258393395058,103,1.0753515704177867
24,normal,B0,42,6139046086183888228,13196154388860450241,100,100,100,0,0,1,0,0,0,0,0,0,0,0,0,0,0,0,0,0,0,3,4.8620666514688038,103,1.0753515704177867
24,normal,B1,42,6139046086183888228,13196154388860450241,100,100,100,0,0,1,0,0,0,0,0,0,0,0,0,0,0,0,0,0,0,3,4.8620666514688038,103,1.0753515704177867
24,normal,P,42,6139046086183888228,13196154388860450241,100,99,99,0,0,0.98999999999999999,0,297,0,0,0,0,0,0,0,0,0,0,0,0,0,3,4.8620666514688038,103,1.0753515704177867
25,normal,B0,42,14852878865191795913,17150818894845185236,100,100,100,0,0,1,0,0,0,0,0,0,0,0,0,0,0,0,0,0,0,3,4.7269549070601133,103,1.0753515704177867
25,normal,B1,42,14852878865191795913,17150818894845185236,100,100,100,0,0,1,0,0,0,0,0,0,0,0,0,0,0,0,0,0,0,3,4.7269549070601133,103,1.0753515704177867
25,normal,P,42,14852878865191795913,17150818894845185236,100,99,99,0,0,0.98999999999999999,0,297,0,0,0,0,0,0,0,0,0,0,0,0,0,3,4.7269549070601133,103,1.0753515704177867
26,normal,B0,42,10759014571150830798,10760137854964517067,100,100,100,0,0,1,0,0,0,0,0,0,0,0,0,0,0,0,0,0,0,3,4.9112939818163035,103,1.0753515704177867
26,normal,B1,42,10759014571150830798,10760137854964517067,100,100,100,0,0,1,0,0,0,0,0,0,0,0,0,0,0,0,0,0,0,3,4.9112939818163035,103,1.0753515704177867
26,normal,P,42,10759014571150830798,10760137854964517067,100,99,99,0,0,0.98999999999999999,0,297,0,0,0,0,0,0,0,0,0,0,0,0,0,3,4.9112939818163035,103,1.0753515704177867
27,normal,B0,42,3714909113697100947,1450417065518967902,100,100,100,0,0,1,0,0,0,0,0,0,0,0,0,0,0,0,0,0,0,3,5.3893186585236474,103,1.0753515704177867
27,normal,B1,42,3714909113697100947,1450417065518967902,100,100,100,0,0,1,0,0,0,0,0,0,0,0,0,0,0,0,0,0,0,3,5.3893186585236474,103,1.0753515704177867
27,normal,P,42,3714909113697100947,1450417065518967902,100,99,99,0,0,0.98999999999999999,0,297,0,0,0,0,0,0,0,0,0,0,0,0,0,3,5.3893186585236474,103,1.0753515704177867
28,normal,B0,42,15638994699027385520,4394528905740698933,100,100,100,0,0,1,0,0,0,0,0,0,0,0,0,0,0,0,0,0,0,3,4.7588767267276975,103,1.0753515704177867
28,normal,B1,42,15638994699027385520,4394528905740698933,100,100,100,0,0,1,0,0,0,0,0,0,0,0,0,0,0,0,0,0,0,3,4.7588767267276975,103,1.0753515704177867
28,normal,P,42,15638994699027385520,4394528905740698933,100,99,99,0,0,0.98999999999999999,0,297,0,0,0,0,0,0,0,0,0,0,0,0,0,3,4.7588767267276975,103,1.0753515704177867
29,normal,B0,42,10786533052122665045,15755696789134647928,100,100,100,0,0,1,0,0,0,0,0,0,0,0,0,0,0,0,0,0,0,3,4.1153496281138144,103,1.0753515704177867
29,normal,B1,42,10786533052122665045,15755696789134647928,100,100,100,0,0,1,0,0,0,0,0,0,0,0,0,0,0,0,0,0,0,3,4.1153496281138144,103,1.0753515704177867
29,normal,P,42,10786533052122665045,15755696789134647928,100,99,99,0,0,0.98999999999999999,0,297,0,0,0,0,0,0,0,0,0,0,0,0,0,3,4.1153496281138144,103,1.0753515704177867
30,normal,B0,42,17411780308251417786,8336735942862214047,100,100,100,0,0,1,0,0,0,0,0,0,0,0,0,0,0,0,0,0,0,3,5.1656800282186479,103,1.0753515704177867
30,normal,B1,42,17411780308251417786,8336735942862214047,100,100,100,0,0,1,0,0,0,0,0,0,0,0,0,0,0,0,0,0,0,3,5.1656800282186479,103,1.0753515704177867
30,normal,P,42,17411780308251417786,8336735942862214047,100,99,99,0,0,0.98999999999999999,0,297,0,0,0,0,0,0,0,0,0,0,0,0,0,3,5.1656800282186479,103,1.0753515704177867
31,normal,B0,42,14960714582419432383,8802224883625929026,100,100,100,0,0,1,0,0,0,0,0,0,0,0,0,0,0,0,0,0,0,3,3.4409769389809663,103,1.0753515704177867
31,normal,B1,42,14960714582419432383,8802224883625929026,100,100,100,0,0,1,0,0,0,0,0,0,0,0,0,0,0,0,0,0,0,3,3.4409769389809663,103,1.0753515704177867
31,normal,P,42,14960714582419432383,8802224883625929026,100,99,99,0,0,0.98999999999999999,0,297,0,0,0,0,0,0,0,0,0,0,0,0,0,3,3.4409769389809663,103,1.0753515704177867
32,normal,B0,42,10781159969224193356,10890485078419056089,100,100,100,0,0,1,0,0,0,0,0,0,0,0,0,0,0,0,0,0,0,3,4.1526348890546512,103,1.0753515704177867
32,normal,B1,42,10781159969224193356,10890485078419056089,100,100,100,0,0,1,0,0,0,0,0,0,0,0,0,0,0,0,0,0,0,3,4.1526348890546512,103,1.0753515704177867
32,normal,P,42,10781159969224193356,10890485078419056089,100,99,99,0,0,0.98999999999999999,0,297,0,0,0,0,0,0,0,0,0,0,0,0,0,3,4.1526348890546512,103,1.0753515704177867
33,normal,B0,42,11728230447752747985,2085226741469143916,100,100,100,0,0,1,0,0,0,0,0,0,0,0,0,0,0,0,0,0,0,3,4.818343529607314,103,1.0753515704177867
33,normal,B1,42,11728230447752747985,2085226741469143916,100,100,100,0,0,1,0,0,0,0,0,0,0,0,0,0,0,0,0,0,0,3,4.818343529607314,103,1.0753515704177867
33,normal,P,42,11728230447752747985,2085226741469143916,100,99,99,0,0,0.98999999999999999,0,297,0,0,0,0,0,0,0,0,0,0,0,0,0,3,4.818343529607314,103,1.0753515704177867
34,normal,B0,42,8945314669155935606,2985903491126206659,100,100,100,0,0,1,0,0,0,0,0,0,0,0,0,0,0,0,0,0,0,3,4.0600262678927095,103,1.0753515704177867
34,normal,B1,42,8945314669155935606,2985903491126206659,100,100,100,0,0,1,0,0,0,0,0,0,0,0,0,0,0,0,0,0,0,3,4.0600262678927095,103,1.0753515704177867
34,normal,P,42,8945314669155935606,2985903491126206659,100,99,99,0,0,0.98999999999999999,0,297,0,0,0,0,0,0,0,0,0,0,0,0,0,3,4.0600262678927095,103,1.0753515704177867
35,normal,B0,42,227496352486774043,17927692744347032214,100,100,100,0,0,1,0,0,0,0,0,0,0,0,0,0,0,0,0,0,0,3,4.9879747382217685,103,1.0753515704177867
35,normal,B1,42,227496352486774043,17927692744347032214,100,100,100,0,0,1,0,0,0,0,0,0,0,0,0,0,0,0,0,0,0,3,4.9879747382217685,103,1.0753515704177867
35,normal,P,42,227496352486774043,17927692744347032214,100,99,99,0,0,0.98999999999999999,0,297,0,0,0,0,0,0,0,0,0,0,0,0,0,3,4.9879747382217685,103,1.0753515704177867
36,normal,B0,42,10407102038042272184,12375875252863819661,100,100,100,0,0,1,0,0,0,0,0,0,0,0,0,0,0,0,0,0,0,3,4.1788288837674132,103,1.0753515704177867
36,normal,B1,42,10407102038042272184,12375875252863819661,100,100,100,0,0,1,0,0,0,0,0,0,0,0,0,0,0,0,0,0,0,3,4.1788288837674132,103,1.0753515704177867
36,normal,P,42,10407102038042272184,12375875252863819661,100,99,99,0,0,0.98999999999999999,0,297,0,0,0,0,0,0,0,0,0,0,0,0,0,3,4.1788288837674132,103,1.0753515704177867
37,normal,B0,42,4267529692386032381,15000137421504311344,100,100,100,0,0,1,0,0,0,0,0,0,0,0,0,0,0,0,0,0,0,3,4.6841424101990725,103,1.0753515704177867
37,normal,B1,42,4267529692386032381,15000137421504311344,100,100,100,0,0,1,0,0,0,0,0,0,0,0,0,0,0,0,0,0,0,3,4.6841424101990725,103,1.0753515704177867
37,normal,P,42,4267529692386032381,15000137421504311344,100,99,99,0,0,0.98999999999999999,0,297,0,0,0,0,0,0,0,0,0,0,0,0,0,3,4.6841424101990725,103,1.0753515704177867
38,normal,B0,42,8494821390787606338,4450066921698105943,100,100,100,0,0,1,0,0,0,0,0,0,0,0,0,0,0,0,0,0,0,3,3.6010471988532613,103,1.0753515704177867
38,normal,B1,42,8494821390787606338,4450066921698105943,100,100,100,0,0,1,0,0,0,0,0,0,0,0,0,0,0,0,0,0,0,3,3.6010471988532613,103,1.0753515704177867
38,normal,P,42,8494821390787606338,4450066921698105943,100,99,99,0,0,0.98999999999999999,0,297,0,0,0,0,0,0,0,0,0,0,0,0,0,3,3.6010471988532613,103,1.0753515704177867
39,normal,B0,42,6910402922770238631,9644610841534983514,100,100,100,0,0,1,0,0,0,0,0,0,0,0,0,0,0,0,0,0,0,3,4.4079831861598171,103,1.0753515704177867
39,normal,B1,42,6910402922770238631,9644610841534983514,100,100,100,0,0,1,0,0,0,0,0,0,0,0,0,0,0,0,0,0,0,3,4.4079831861598171,103,1.0753515704177867
39,normal,P,42,6910402922770238631,9644610841534983514,100,99,99,0,0,0.98999999999999999,0,297,0,0,0,0,0,0,0,0,0,0,0,0,0,3,4.4079831861598171,103,1.0753515704177867
40,normal,B0,42,4008714893987389780,4431631180497658417,100,100,100,0,0,1,0,0,0,0,0,0,0,0,0,0,0,0,0,0,0,3,3.7878725731458229,103,1.0753515704177867
40,normal,B1,42,4008714893987389780,4431631180497658417,100,100,100,0,0,1,0,0,0,0,0,0,0,0,0,0,0,0,0,0,0,3,3.7878725731458229,103,1.0753515704177867
40,normal,P,42,4008714893987389780,4431631180497658417,100,99,99,0,0,0.98999999999999999,0,297,0,0,0,0,0,0,0,0,0,0,0,0,0,3,3.7878725731458229,103,1.0753515704177867
41,normal,B0,42,8362665835234397177,3564658578136880900,100,100,100,0,0,1,0,0,0,0,0,0,0,0,0,0,0,0,0,0,0,3,5.4828107868125722,103,1.0753515704177867
41,normal,B1,42,8362665835234397177,3564658578136880900,100,100,100,0,0,1,0,0,0,0,0,0,0,0,0,0,0,0,0,0,0,3,5.4828107868125722,103,1.0753515704177867
41,normal,P,42,8362665835234397177,3564658578136880900,100,99,99,0,0,0.98999999999999999,0,297,0,0,0,0,0,0,0,0,0,0,0,0,0,3,5.4828107868125722,103,1.0753515704177867
42,normal,B0,42,3400424375343960062,11858664101225710267,100,100,100,0,0,1,0,0,0,0,0,0,0,0,0,0,0,0,0,0,0,3,4.1744207017510675,103,1.0753515704177867
42,normal,B1,42,3400424375343960062,11858664101225710267,100,100,100,0,0,1,0,0,0,0,0,0,0,0,0,0,0,0,0,0,0,3,4.1744207017510675,103,1.0753515704177867
42,normal,P,42,3400424375343960062,11858664101225710267,100,99,99,0,0,0.98999999999999999,0,297,0,0,0,0,0,0,0,0,0,0,0,0,0,3,4.1744207017510675,103,1.0753515704177867
43,normal,B0,42,4619782524672878147,11586744196142740494,100,100,100,0,0,1,0,0,0,0,0,0,0,0,0,0,0,0,0,0,0,3,4.7536694019119139,103,1.0753515704177867
43,normal,B1,42,4619782524672878147,11586744196142740494,100,100,100,0,0,1,0,0,0,0,0,0,0,0,0,0,0,0,0,0,0,3,4.7536694019119139,103,1.0753515704177867
43,normal,P,42,4619782524672878147,11586744196142740494,100,99,99,0,0,0.98999999999999999,0,297,0,0,0,0,0,0,0,0,0,0,0,0,0,3,4.7536694019119139,103,1.0753515704177867
44,normal,B0,42,5885750343499270368,5442670568631668389,100,100,100,0,0,1,0,0,0,0,0,0,0,0,0,0,0,0,0,0,0,3,4.7422619277174114,103,1.0753515704177867
44,normal,B1,42,5885750343499270368,5442670568631668389,100,100,100,0,0,1,0,0,0,0,0,0,0,0,0,0,0,0,0,0,0,3,4.7422619277174114,103,1.0753515704177867
44,normal,P,42,5885750343499270368,5442670568631668389,100,99,99,0,0,0.98999999999999999,0,297,0,0,0,0,0,0,0,0,0,0,0,0,0,3,4.7422619277174114,103,1.0753515704177867
45,normal,B0,42,12196532709613882821,5196293181376749416,100,100,100,0,0,1,0,0,0,0,0,0,0,0,0,0,0,0,0,0,0,3,5.3078829276626625,103,1.0753515704177867
45,normal,B1,42,12196532709613882821,5196293181376749416,100,100,100,0,0,1,0,0,0,0,0,0,0,0,0,0,0,0,0,0,0,3,5.3078829276626625,103,1.0753515704177867
45,normal,P,42,12196532709613882821,5196293181376749416,100,99,99,0,0,0.98999999999999999,0,297,0,0,0,0,0,0,0,0,0,0,0,0,0,3,5.3078829276626625,103,1.0753515704177867
46,normal,B0,42,3734636061985099818,6628994961845012367,100,100,100,0,0,1,0,0,0,0,0,0,0,0,0,0,0,0,0,0,0,3,5.0767959849945239,103,1.0753515704177867
46,normal,B1,42,3734636061985099818,6628994961845012367,100,100,100,0,0,1,0,0,0,0,0,0,0,0,0,0,0,0,0,0,0,3,5.0767959849945239,103,1.0753515704177867
46,normal,P,42,3734636061985099818,6628994961845012367,100,99,99,0,0,0.98999999999999999,0,297,0,0,0,0,0,0,0,0,0,0,0,0,0,3,5.0767959849945239,103,1.0753515704177867
47,normal,B0,42,12467931653091690479,18415636602129564786,100,100,100,0,0,1,0,0,0,0,0,0,0,0,0,0,0,0,0,0,0,3,3.0094529565393615,103,1.0753515704177867
47,normal,B1,42,12467931653091690479,18415636602129564786,100,100,100,0,0,1,0,0,0,0,0,0,0,0,0,0,0,0,0,0,0,3,3.0094529565393615,103,1.0753515704177867
47,normal,P,42,12467931653091690479,18415636602129564786,100,99,99,0,0,0.98999999999999999,0,297,0,0,0,0,0,0,0,0,0,0,0,0,0,3,3.0094529565393615,103,1.0753515704177867
48,normal,B0,42,8904377412729884668,14051544349545911049,100,100,100,0,0,1,0,0,0,0,0,0,0,0,0,0,0,0,0,0,0,3,5.3519620018527609,103,1.0753515704177867
48,normal,B1,42,8904377412729884668,14051544349545911049,100,100,100,0,0,1,0,0,0,0,0,0,0,0,0,0,0,0,0,0,0,3,5.3519620018527609,103,1.0753515704177867
48,normal,P,42,8904377412729884668,14051544349545911049,100,99,99,0,0,0.98999999999999999,0,297,0,0,0,0,0,0,0,0,0,0,0,0,0,3,5.3519620018527609,103,1.0753515704177867
49,normal,B0,42,17446664036809962113,3449919916160251996,100,100,100,0,0,1,0,0,0,0,0,0,0,0,0,0,0,0,0,0,0,3,4.5283760689613199,103,1.0753515704177867
49,normal,B1,42,17446664036809962113,3449919916160251996,100,100,100,0,0,1,0,0,0,0,0,0,0,0,0,0,0,0,0,0,0,3,4.5283760689613199,103,1.0753515704177867
49,normal,P,42,17446664036809962113,3449919916160251996,100,99,99,0,0,0.98999999999999999,0,297,0,0,0,0,0,0,0,0,0,0,0,0,0,3,4.5283760689613199,103,1.0753515704177867
0,network_delay,B0,42,16810207103304354796,7778489605723501386,100,95,95,0,0,0.94999999999999996,0,0,0,300,0,0,0,0,0,0,0,0,0,0,0,0,2.7158908056633426,0,0
0,network_delay,B1,42,16810207103304354796,7778489605723501386,100,0,0,0,0,0,0,0,0,300,0,0,0,0,0,0,0,0,0,0,0,0,2.7158908056633426,0,0
0,network_delay,P,42,16810207103304354796,7778489605723501386,100,0,0,0,0,0,0,0,0,300,0,0,0,0,0,0,0,0,0,0,0,0,2.7158908056633426,0,0
1,network_delay,B0,42,4668941500697059185,18165055997478494019,100,95,95,0,0,0.94999999999999996,0,0,0,300,0,0,0,0,0,0,0,0,0,0,0,0,4.8278059529620485,0,0
1,network_delay,B1,42,4668941500697059185,18165055997478494019,100,0,0,0,0,0,0,0,0,300,0,0,0,0,0,0,0,0,0,0,0,0,4.8278059529620485,0,0
1,network_delay,P,42,4668941500697059185,18165055997478494019,100,0,0,0,0,0,0,0,0,300,0,0,0,0,0,0,0,0,0,0,0,0,4.8278059529620485,0,0
2,network_delay,B0,42,16320440670712453270,14976347651662435352,100,95,95,0,0,0.94999999999999996,0,0,0,300,0,0,0,0,0,0,0,0,0,0,0,0,4.2326149242817177,0,0
2,network_delay,B1,42,16320440670712453270,14976347651662435352,100,0,0,0,0,0,0,0,0,300,0,0,0,0,0,0,0,0,0,0,0,0,4.2326149242817177,0,0
2,network_delay,P,42,16320440670712453270,14976347651662435352,100,0,0,0,0,0,0,0,0,300,0,0,0,0,0,0,0,0,0,0,0,0,4.2326149242817177,0,0
3,network_delay,B0,42,11593834175221393723,867441438151760017,100,95,95,0,0,0.94999999999999996,0,0,0,300,0,0,0,0,0,0,0,0,0,0,0,0,5.3992324948954025,0,0
3,network_delay,B1,42,11593834175221393723,867441438151760017,100,0,0,0,0,0,0,0,0,300,0,0,0,0,0,0,0,0,0,0,0,0,5.3992324948954025,0,0
3,network_delay,P,42,11593834175221393723,867441438151760017,100,0,0,0,0,0,0,0,0,300,0,0,0,0,0,0,0,0,0,0,0,0,5.3992324948954025,0,0
4,network_delay,B0,42,3347813090986583384,17332793437873053014,100,95,95,0,0,0.94999999999999996,0,0,0,300,0,0,0,0,0,0,0,0,0,0,0,0,4.6626369101779854,0,0
4,network_delay,B1,42,3347813090986583384,17332793437873053014,100,0,0,0,0,0,0,0,0,300,0,0,0,0,0,0,0,0,0,0,0,0,4.6626369101779854,0,0
4,network_delay,P,42,3347813090986583384,17332793437873053014,100,0,0,0,0,0,0,0,0,300,0,0,0,0,0,0,0,0,0,0,0,0,4.6626369101779854,0,0
5,network_delay,B0,42,16534674281161132573,17661648527353408383,100,95,95,0,0,0.94999999999999996,0,0,0,300,0,0,0,0,0,0,0,0,0,0,0,0,5.156626808531998,0,0
5,network_delay,B1,42,16534674281161132573,17661648527353408383,100,0,0,0,0,0,0,0,0,300,0,0,0,0,0,0,0,0,0,0,0,0,5.156626808531998,0,0
5,network_delay,P,42,16534674281161132573,17661648527353408383,100,0,0,0,0,0,0,0,0,300,0,0,0,0,0,0,0,0,0,0,0,0,5.156626808531998,0,0
6,network_delay,B0,42,1869434951182979682,10359168999293541956,100,95,95,0,0,0.94999999999999996,0,0,0,300,0,0,0,0,0,0,0,0,0,0,0,0,5.2437020890048096,0,0
6,network_delay,B1,42,1869434951182979682,10359168999293541956,100,0,0,0,0,0,0,0,0,300,0,0,0,0,0,0,0,0,0,0,0,0,5.2437020890048096,0,0
6,network_delay,P,42,1869434951182979682,10359168999293541956,100,0,0,0,0,0,0,0,0,300,0,0,0,0,0,0,0,0,0,0,0,0,5.2437020890048096,0,0
7,network_delay,B0,42,15165218386447993671,10364719744945967341,100,95,95,0,0,0.94999999999999996,0,0,0,300,0,0,0,0,0,0,0,0,0,0,0,0,4.6047102611126309,0,0
7,network_delay,B1,42,15165218386447993671,10364719744945967341,100,0,0,0,0,0,0,0,0,300,0,0,0,0,0,0,0,0,0,0,0,0,4.6047102611126309,0,0
7,network_delay,P,42,15165218386447993671,10364719744945967341,100,0,0,0,0,0,0,0,0,300,0,0,0,0,0,0,0,0,0,0,0,0,4.6047102611126309,0,0
8,network_delay,B0,42,925738743642114676,11582940307859275714,100,95,95,0,0,0.94999999999999996,0,0,0,300,0,0,0,0,0,0,0,0,0,0,0,0,4.2251645968200817,0,0
8,network_delay,B1,42,925738743642114676,11582940307859275714,100,0,0,0,0,0,0,0,0,300,0,0,0,0,0,0,0,0,0,0,0,0,4.2251645968200817,0,0
8,network_delay,P,42,925738743642114676,11582940307859275714,100,0,0,0,0,0,0,0,0,300,0,0,0,0,0,0,0,0,0,0,0,0,4.2251645968200817,0,0
9,network_delay,B0,42,18424644545096847385,10414415730162610203,100,95,95,0,0,0.94999999999999996,0,0,0,300,0,0,0,0,0,0,0,0,0,0,0,0,5.021949768325805,0,0
9,network_delay,B1,42,18424644545096847385,10414415730162610203,100,0,0,0,0,0,0,0,0,300,0,0,0,0,0,0,0,0,0,0,0,0,5.021949768325805,0,0
9,network_delay,P,42,18424644545096847385,10414415730162610203,100,0,0,0,0,0,0,0,0,300,0,0,0,0,0,0,0,0,0,0,0,0,5.021949768325805,0,0
10,network_delay,B0,42,1197137687119922334,14577080387270652240,100,95,95,0,0,0.94999999999999996,0,0,0,300,0,0,0,0,0,0,0,0,0,0,0,0,5.3857819261717248,0,0
10,network_delay,B1,42,1197137687119922334,14577080387270652240,100,0,0,0,0,0,0,0,0,300,0,0,0,0,0,0,0,0,0,0,0,0,5.3857819261717248,0,0
10,network_delay,P,42,1197137687119922334,14577080387270652240,100,0,0,0,0,0,0,0,0,300,0,0,0,0,0,0,0,0,0,0,0,0,5.3857819261717248,0,0
11,network_delay,B0,42,12889497012818321507,4074840226313587305,100,95,95,0,0,0.94999999999999996,0,0,0,300,0,0,0,0,0,0,0,0,0,0,0,0,4.3663996907055758,0,0
11,network_delay,B1,42,12889497012818321507,4074840226313587305,100,0,0,0,0,0,0,0,0,300,0,0,0,0,0,0,0,0,0,0,0,0,4.3663996907055758,0,0
11,network_delay,P,42,12889497012818321507,4074840226313587305,100,0,0,0,0,0,0,0,0,300,0,0,0,0,0,0,0,0,0,0,0,0,4.3663996907055758,0,0
12,network_delay,B0,42,564723016766813184,956938347743952014,100,95,95,0,0,0.94999999999999996,0,0,0,300,0,0,0,0,0,0,0,0,0,0,0,0,2.9113974897065553,0,0
12,network_delay,B1,42,564723016766813184,956938347743952014,100,0,0,0,0,0,0,0,0,300,0,0,0,0,0,0,0,0,0,0,0,0,2.9113974897065553,0,0
12,network_delay,P,42,564723016766813184,956938347743952014,100,0,0,0,0,0,0,0,0,300,0,0,0,0,0,0,0,0,0,0,0,0,2.9113974897065553,0,0
13,network_delay,B0,42,1139813661928537189,12124526821070456791,100,95,95,0,0,0.94999999999999996,0,0,0,300,0,0,0,0,0,0,0,0,0,0,0,0,5.2881318784673308,0,0
13,network_delay,B1,42,1139813661928537189,12124526821070456791,100,0,0,0,0,0,0,0,0,300,0,0,0,0,0,0,0,0,0,0,0,0,5.2881318784673308,0,0
13,network_delay,P,42,1139813661928537189,12124526821070456791,100,0,0,0,0,0,0,0,0,300,0,0,0,0,0,0,0,0,0,0,0,0,5.2881318784673308,0,0
14,network_delay,B0,42,11109762063541617482,4610696681758490364,100,95,95,0,0,0.94999999999999996,0,0,0,300,0,0,0,0,0,0,0,0,0,0,0,0,4.5389053293675046,0,0
14,network_delay,B1,42,11109762063541617482,4610696681758490364,100,0,0,0,0,0,0,0,0,300,0,0,0,0,0,0,0,0,0,0,0,0,4.5389053293675046,0,0
14,network_delay,P,42,11109762063541617482,4610696681758490364,100,0,0,0,0,0,0,0,0,300,0,0,0,0,0,0,0,0,0,0,0,0,4.5389053293675046,0,0
15,network_delay,B0,42,13619859224420957711,185800553033113349,100,95,95,0,0,0.94999999999999996,0,0,0,300,0,0,0,0,0,0,0,0,0,0,0,0,5.4567472568148894,0,0
15,network_delay,B1,42,13619859224420957711,185800553033113349,100,0,0,0,0,0,0,0,0,300,0,0,0,0,0,0,0,0,0,0,0,0,5.4567472568148894,0,0
15,network_delay,P,42,13619859224420957711,185800553033113349,100,0,0,0,0,0,0,0,0,300,0,0,0,0,0,0,0,0,0,0,0,0,5.4567472568148894,0,0
16,network_delay,B0,42,17159192876407639708,3207284767862889530,100,95,95,0,0,0.94999999999999996,0,0,0,300,0,0,0,0,0,0,0,0,0,0,0,0,3.5751401130886258,0,0
16,network_delay,B1,42,17159192876407639708,3207284767862889530,100,0,0,0,0,0,0,0,0,300,0,0,0,0,0,0,0,0,0,0,0,0,3.5751401130886258,0,0
16,network_delay,P,42,17159192876407639708,3207284767862889530,100,0,0,0,0,0,0,0,0,300,0,0,0,0,0,0,0,0,0,0,0,0,3.5751401130886258,0,0
17,network_delay,B0,42,16123066810707161761,2813214117119339571,100,95,95,0,0,0.94999999999999996,0,0,0,300,0,0,0,0,0,0,0,0,0,0,0,0,4.439289413039746,0,0
17,network_delay,B1,42,16123066810707161761,2813214117119339571,100,0,0,0,0,0,0,0,0,300,0,0,0,0,0,0,0,0,0,0,0,0,4.439289413039746,0,0
17,network_delay,P,42,16123066810707161761,2813214117119339571,100,0,0,0,0,0,0,0,0,300,0,0,0,0,0,0,0,0,0,0,0,0,4.439289413039746,0,0
18,network_delay,B0,42,17255731612241714630,16460606872400159752,100,95,95,0,0,0.94999999999999996,0,0,0,300,0,0,0,0,0,0,0,0,0,0,0,0,5.0749059806430497,0,0
18,network_delay,B1,42,17255731612241714630,16460606872400159752,100,0,0,0,0,0,0,0,0,300,0,0,0,0,0,0,0,0,0,0,0,0,5.0749059806430497,0,0
18,network_delay,P,42,17255731612241714630,16460606872400159752,100,0,0,0,0,0,0,0,0,300,0,0,0,0,0,0,0,0,0,0,0,0,5.0749059806430497,0,0
19,network_delay,B0,42,13883523294833848875,13523873101278981057,100,95,95,0,0,0.94999999999999996,0,0,0,300,0,0,0,0,0,0,0,0,0,0,0,0,4.8906522878844765,0,0
19,network_delay,B1,42,13883523294833848875,13523873101278981057,100,0,0,0,0,0,0,0,0,300,0,0,0,0,0,0,0,0,0,0,0,0,4.8906522878844765,0,0
19,network_delay,P,42,13883523294833848875,13523873101278981057,100,0,0,0,0,0,0,0,0,300,0,0,0,0,0,0,0,0,0,0,0,0,4.8906522878844765,0,0
20,network_delay,B0,42,5193794695500498632,4342795501937704966,100,95,95,0,0,0.94999999999999996,0,0,0,300,0,0,0,0,0,0,0,0,0,0,0,0,4.6698011834472348,0,0
20,network_delay,B1,42,5193794695500498632,4342795501937704966,100,0,0,0,0,0,0,0,0,300,0,0,0,0,0,0,0,0,0,0,0,0,4.6698011834472348,0,0
20,network_delay,P,42,5193794695500498632,4342795501937704966,100,0,0,0,0,0,0,0,0,300,0,0,0,0,0,0,0,0,0,0,0,0,4.6698011834472348,0,0
21,network_delay,B0,42,12200570134785767245,16478088091915755631,100,95,95,0,0,0.94999999999999996,0,0,0,300,0,0,0,0,0,0,0,0,0,0,0,0,5.366372619492072,0,0
21,network_delay,B1,42,12200570134785767245,16478088091915755631,100,0,0,0,0,0,0,0,0,300,0,0,0,0,0,0,0,0,0,0,0,0,5.366372619492072,0,0
21,network_delay,P,42,12200570134785767245,16478088091915755631,100,0,0,0,0,0,0,0,0,300,0,0,0,0,0,0,0,0,0,0,0,0,5.366372619492072,0,0
22,network_delay,B0,42,6639034778626213330,15182719528102588084,100,95,95,0,0,0.94999999999999996,0,0,0,300,0,0,0,0,0,0,0,0,0,0,0,0,3.2344187275339005,0,0
22,network_delay,B1,42,6639034778626213330,15182719528102588084,100,0,0,0,0,0,0,0,0,300,0,0,0,0,0,0,0,0,0,0,0,0,3.2344187275339005,0,0
22,network_delay,P,42,6639034778626213330,15182719528102588084,100,0,0,0,0,0,0,0,0,300,0,0,0,0,0,0,0,0,0,0,0,0,3.2344187275339005,0,0
23,network_delay,B0,42,5188156410933320695,1210408319261583965,100,95,95,0,0,0.94999999999999996,0,0,0,300,0,0,0,0,0,0,0,0,0,0,0,0,5.1618258393395058,0,0
23,network_delay,B1,42,5188156410933320695,1210408319261583965,100,0,0,0,0,0,0,0,0,300,0,0,0,0,0,0,0,0,0,0,0,0,5.1618258393395058,0,0
23,network_delay,P,42,5188156410933320695,1210408319261583965,100,0,0,0,0,0,0,0,0,300,0,0,0,0,0,0,0,0,0,0,0,0,5.1618258393395058,0,0
24,network_delay,B0,42,6139046086183888228,14083375203537085938,100,95,95,0,0,0.94999999999999996,0,0,0,300,0,0,0,0,0,0,0,0,0,0,0,0,4.8620666514688038,0,0
24,network_delay,B1,42,6139046086183888228,14083375203537085938,100,0,0,0,0,0,0,0,0,300,0,0,0,0,0,0,0,0,0,0,0,0,4.8620666514688038,0,0
24,network_delay,P,42,6139046086183888228,14083375203537085938,100,0,0,0,0,0,0,0,0,300,0,0,0,0,0,0,0,0,0,0,0,0,4.8620666514688038,0,0
25,network_delay,B0,42,14852878865191795913,6500647822702932299,100,95,95,0,0,0.94999999999999996,0,0,0,300,0,0,0,0,0,0,0,0,0,0,0,0,4.7269549070601133,0,0
25,network_delay,B1,42,14852878865191795913,6500647822702932299,100,0,0,0,0,0,0,0,0,300,0,0,0,0,0,0,0,0,0,0,0,0,4.7269549070601133,0,0
25,network_delay,P,42,14852878865191795913,6500647822702932299,100,0,0,0,0,0,0,0,0,300,0,0,0,0,0,0,0,0,0,0,0,0,4.7269549070601133,0,0
26,network_delay,B0,42,10759014571150830798,17207097155785889920,100,95,95,0,0,0.94999999999999996,0,0,0,300,0,0,0,0,0,0,0,0,0,0,0,0,4.9112939818163035,0,0
26,network_delay,B1,42,10759014571150830798,17207097155785889920,100,0,0,0,0,0,0,0,0,300,0,0,0,0,0,0,0,0,0,0,0,0,4.9112939818163035,0,0
26,network_delay,P,42,10759014571150830798,17207097155785889920,100,0,0,0,0,0,0,0,0,300,0,0,0,0,0,0,0,0,0,0,0,0,4.9112939818163035,0,0
27,network_delay,B0,42,3714909113697100947,4685510044147174233,100,95,95,0,0,0.94999999999999996,0,0,0,300,0,0,0,0,0,0,0,0,0,0,0,0,5.3893186585236474,0,0
27,network_delay,B1,42,3714909113697100947,4685510044147174233,100,0,0,0,0,0,0,0,0,300,0,0,0,0,0,0,0,0,0,0,0,0,5.3893186585236474,0,0
27,network_delay,P,42,3714909113697100947,4685510044147174233,100,0,0,0,0,0,0,0,0,300,0,0,0,0,0,0,0,0,0,0,0,0,5.3893186585236474,0,0
28,network_delay,B0,42,15638994699027385520,9137866163818454334,100,95,95,0,0,0.94999999999999996,0,0,0,300,0,0,0,0,0,0,0,0,0,0,0,0,4.7588767267276975,0,0
28,network_delay,B1,42,15638994699027385520,9137866163818454334,100,0,0,0,0,0,0,0,0,300,0,0,0,0,0,0,0,0,0,0,0,0,4.7588767267276975,0,0
28,network_delay,P,42,15638994699027385520,9137866163818454334,100,0,0,0,0,0,0,0,0,300,0,0,0,0,0,0,0,0,0,0,0,0,4.7588767267276975,0,0
29,network_delay,B0,42,10786533052122665045,7439539797724534983,100,95,95,0,0,0.94999999999999996,0,0,0,300,0,0,0,0,0,0,0,0,0,0,0,0,4.1153496281138144,0,0
29,network_delay,B1,42,10786533052122665045,7439539797724534983,100,0,0,0,0,0,0,0,0,300,0,0,0,0,0,0,0,0,0,0,0,0,4.1153496281138144,0,0
29,network_delay,P,42,10786533052122665045,7439539797724534983,100,0,0,0,0,0,0,0,0,300,0,0,0,0,0,0,0,0,0,0,0,0,4.1153496281138144,0,0
30,network_delay,B0,42,17411780308251417786,16100627371334448364,100,95,95,0,0,0.94999999999999996,0,0,0,300,0,0,0,0,0,0,0,0,0,0,0,0,5.1656800282186479,0,0
30,network_delay,B1,42,17411780308251417786,16100627371334448364,100,0,0,0,0,0,0,0,0,300,0,0,0,0,0,0,0,0,0,0,0,0,5.1656800282186479,0,0
30,network_delay,P,42,17411780308251417786,16100627371334448364,100,0,0,0,0,0,0,0,0,300,0,0,0,0,0,0,0,0,0,0,0,0,5.1656800282186479,0,0
31,network_delay,B0,42,14960714582419432383,11111178172660828405,100,95,95,0,0,0.94999999999999996,0,0,0,300,0,0,0,0,0,0,0,0,0,0,0,0,3.4409769389809663,0,0
31,network_delay,B1,42,14960714582419432383,11111178172660828405,100,0,0,0,0,0,0,0,0,300,0,0,0,0,0,0,0,0,0,0,0,0,3.4409769389809663,0,0
31,network_delay,P,42,14960714582419432383,11111178172660828405,100,0,0,0,0,0,0,0,0,300,0,0,0,0,0,0,0,0,0,0,0,0,3.4409769389809663,0,0
32,network_delay,B0,42,10781159969224193356,4388121916704492074,100,95,95,0,0,0.94999999999999996,0,0,0,300,0,0,0,0,0,0,0,0,0,0,0,0,4.1526348890546512,0,0
32,network_delay,B1,42,10781159969224193356,4388121916704492074,100,0,0,0,0,0,0,0,0,300,0,0,0,0,0,0,0,0,0,0,0,0,4.1526348890546512,0,0
32,network_delay,P,42,10781159969224193356,4388121916704492074,100,0,0,0,0,0,0,0,0,300,0,0,0,0,0,0,0,0,0,0,0,0,4.1526348890546512,0,0
33,network_delay,B0,42,11728230447752747985,14774688308459484707,100,95,95,0,0,0.94999999999999996,0,0,0,300,0,0,0,0,0,0,0,0,0,0,0,0,4.818343529607314,0,0
33,network_delay,B1,42,11728230447752747985,14774688308459484707,100,0,0,0,0,0,0,0,0,300,0,0,0,0,0,0,0,0,0,0,0,0,4.818343529607314,0,0
33,network_delay,P,42,11728230447752747985,14774688308459484707,100,0,0,0,0,0,0,0,0,300,0,0,0,0,0,0,0,0,0,0,0,0,4.818343529607314,0,0
34,network_delay,B0,42,8945314669155935606,6947757802794718968,100,95,95,0,0,0.94999999999999996,0,0,0,300,0,0,0,0,0,0,0,0,0,0,0,0,4.0600262678927095,0,0
34,network_delay,B1,42,8945314669155935606,6947757802794718968,100,0,0,0,0,0,0,0,0,300,0,0,0,0,0,0,0,0,0,0,0,0,4.0600262678927095,0,0
34,network_delay,P,42,8945314669155935606,6947757802794718968,100,0,0,0,0,0,0,0,0,300,0,0,0,0,0,0,0,0,0,0,0,0,4.0600262678927095,0,0
35,network_delay,B0,42,227496352486774043,6948221631382903793,100,95,95,0,0,0.94999999999999996,0,0,0,300,0,0,0,0,0,0,0,0,0,0,0,0,4.9879747382217685,0,0
35,network_delay,B1,42,227496352486774043,6948221631382903793,100,0,0,0,0,0,0,0,0,300,0,0,0,0,0,0,0,0,0,0,0,0,4.9879747382217685,0,0
35,network_delay,P,42,227496352486774043,6948221631382903793,100,0,0,0,0,0,0,0,0,300,0,0,0,0,0,0,0,0,0,0,0,0,4.9879747382217685,0,0
36,network_delay,B0,42,10407102038042272184,3899319652362901686,100,95,95,0,0,0.94999999999999996,0,0,0,300,0,0,0,0,0,0,0,0,0,0,0,0,4.1788288837674132,0,0
36,network_delay,B1,42,10407102038042272184,3899319652362901686,100,0,0,0,0,0,0,0,0,300,0,0,0,0,0,0,0,0,0,0,0,0,4.1788288837674132,0,0
36,network_delay,P,42,10407102038042272184,3899319652362901686,100,0,0,0,0,0,0,0,0,300,0,0,0,0,0,0,0,0,0,0,0,0,4.1788288837674132,0,0
37,network_delay,B0,42,4267529692386032381,2850730510165501151,100,95,95,0,0,0.94999999999999996,0,0,0,300,0,0,0,0,0,0,0,0,0,0,0,0,4.6841424101990725,0,0
37,network_delay,B1,42,4267529692386032381,2850730510165501151,100,0,0,0,0,0,0,0,0,300,0,0,0,0,0,0,0,0,0,0,0,0,4.6841424101990725,0,0
37,network_delay,P,42,4267529692386032381,2850730510165501151,100,0,0,0,0,0,0,0,0,300,0,0,0,0,0,0,0,0,0,0,0,0,4.6841424101990725,0,0
38,network_delay,B0,42,8494821390787606338,8259303334862297892,100,95,95,0,0,0.94999999999999996,0,0,0,300,0,0,0,0,0,0,0,0,0,0,0,0,3.6010471988532613,0,0
38,network_delay,B1,42,8494821390787606338,8259303334862297892,100,0,0,0,0,0,0,0,0,300,0,0,0,0,0,0,0,0,0,0,0,0,3.6010471988532613,0,0
38,network_delay,P,42,8494821390787606338,8259303334862297892,100,0,0,0,0,0,0,0,0,300,0,0,0,0,0,0,0,0,0,0,0,0,3.6010471988532613,0,0
39,network_delay,B0,42,6910402922770238631,16760085229008655309,100,95,95,0,0,0.94999999999999996,0,0,0,300,0,0,0,0,0,0,0,0,0,0,0,0,4.4079831861598171,0,0
39,network_delay,B1,42,6910402922770238631,16760085229008655309,100,0,0,0,0,0,0,0,0,300,0,0,0,0,0,0,0,0,0,0,0,0,4.4079831861598171,0,0
39,network_delay,P,42,6910402922770238631,16760085229008655309,100,0,0,0,0,0,0,0,0,300,0,0,0,0,0,0,0,0,0,0,0,0,4.4079831861598171,0,0
40,network_delay,B0,42,4008714893987389780,15700102176196617890,100,95,95,0,0,0.94999999999999996,0,0,0,300,0,0,0,0,0,0,0,0,0,0,0,0,3.7878725731458229,0,0
40,network_delay,B1,42,4008714893987389780,15700102176196617890,100,0,0,0,0,0,0,0,0,300,0,0,0,0,0,0,0,0,0,0,0,0,3.7878725731458229,0,0
40,network_delay,P,42,4008714893987389780,15700102176196617890,100,0,0,0,0,0,0,0,0,300,0,0,0,0,0,0,0,0,0,0,0,0,3.7878725731458229,0,0
41,network_delay,B0,42,8362665835234397177,412145058200477819,100,95,95,0,0,0.94999999999999996,0,0,0,300,0,0,0,0,0,0,0,0,0,0,0,0,5.4828107868125722,0,0
41,network_delay,B1,42,8362665835234397177,412145058200477819,100,0,0,0,0,0,0,0,0,300,0,0,0,0,0,0,0,0,0,0,0,0,5.4828107868125722,0,0
41,network_delay,P,42,8362665835234397177,412145058200477819,100,0,0,0,0,0,0,0,0,300,0,0,0,0,0,0,0,0,0,0,0,0,5.4828107868125722,0,0
42,network_delay,B0,42,3400424375343960062,12729455287224371888,100,95,95,0,0,0.94999999999999996,0,0,0,300,0,0,0,0,0,0,0,0,0,0,0,0,4.1744207017510675,0,0
42,network_delay,B1,42,3400424375343960062,12729455287224371888,100,0,0,0,0,0,0,0,0,300,0,0,0,0,0,0,0,0,0,0,0,0,4.1744207017510675,0,0
42,network_delay,P,42,3400424375343960062,12729455287224371888,100,0,0,0,0,0,0,0,0,300,0,0,0,0,0,0,0,0,0,0,0,0,4.1744207017510675,0,0
43,network_delay,B0,42,4619782524672878147,9133398289041131593,100,95,95,0,0,0.94999999999999996,0,0,0,300,0,0,0,0,0,0,0,0,0,0,0,0,4.7536694019119139,0,0
43,network_delay,B1,42,4619782524672878147,9133398289041131593,100,0,0,0,0,0,0,0,0,300,0,0,0,0,0,0,0,0,0,0,0,0,4.7536694019119139,0,0
43,network_delay,P,42,4619782524672878147,9133398289041131593,100,0,0,0,0,0,0,0,0,300,0,0,0,0,0,0,0,0,0,0,0,0,4.7536694019119139,0,0
44,network_delay,B0,42,5885750343499270368,9071482934718060398,100,95,95,0,0,0.94999999999999996,0,0,0,300,0,0,0,0,0,0,0,0,0,0,0,0,4.7422619277174114,0,0
44,network_delay,B1,42,5885750343499270368,9071482934718060398,100,0,0,0,0,0,0,0,0,300,0,0,0,0,0,0,0,0,0,0,0,0,4.7422619277174114,0,0
44,network_delay,P,42,5885750343499270368,9071482934718060398,100,0,0,0,0,0,0,0,0,300,0,0,0,0,0,0,0,0,0,0,0,0,4.7422619277174114,0,0
45,network_delay,B0,42,12196532709613882821,14335553732308469047,100,95,95,0,0,0.94999999999999996,0,0,0,300,0,0,0,0,0,0,0,0,0,0,0,0,5.3078829276626625,0,0
45,network_delay,B1,42,12196532709613882821,14335553732308469047,100,0,0,0,0,0,0,0,0,300,0,0,0,0,0,0,0,0,0,0,0,0,5.3078829276626625,0,0
45,network_delay,P,42,12196532709613882821,14335553732308469047,100,0,0,0,0,0,0,0,0,300,0,0,0,0,0,0,0,0,0,0,0,0,5.3078829276626625,0,0
46,network_delay,B0,42,3734636061985099818,6817634388215369564,100,95,95,0,0,0.94999999999999996,0,0,0,300,0,0,0,0,0,0,0,0,0,0,0,0,5.0767959849945239,0,0
46,network_delay,B1,42,3734636061985099818,6817634388215369564,100,0,0,0,0,0,0,0,0,300,0,0,0,0,0,0,0,0,0,0,0,0,5.0767959849945239,0,0
46,network_delay,P,42,3734636061985099818,6817634388215369564,100,0,0,0,0,0,0,0,0,300,0,0,0,0,0,0,0,0,0,0,0,0,5.0767959849945239,0,0
47,network_delay,B0,42,12467931653091690479,9841015047467025509,100,95,95,0,0,0.94999999999999996,0,0,0,300,0,0,0,0,0,0,0,0,0,0,0,0,3.0094529565393615,0,0
47,network_delay,B1,42,12467931653091690479,9841015047467025509,100,0,0,0,0,0,0,0,0,300,0,0,0,0,0,0,0,0,0,0,0,0,3.0094529565393615,0,0
47,network_delay,P,42,12467931653091690479,9841015047467025509,100,0,0,0,0,0,0,0,0,300,0,0,0,0,0,0,0,0,0,0,0,0,3.0094529565393615,0,0
48,network_delay,B0,42,8904377412729884668,1123917440079041306,100,95,95,0,0,0.94999999999999996,0,0,0,300,0,0,0,0,0,0,0,0,0,0,0,0,5.3519620018527609,0,0
48,network_delay,B1,42,8904377412729884668,1123917440079041306,100,0,0,0,0,0,0,0,0,300,0,0,0,0,0,0,0,0,0,0,0,0,5.3519620018527609,0,0
48,network_delay,P,42,8904377412729884668,1123917440079041306,100,0,0,0,0,0,0,0,0,300,0,0,0,0,0,0,0,0,0,0,0,0,5.3519620018527609,0,0
49,network_delay,B0,42,17446664036809962113,5620477619774011923,100,95,95,0,0,0.94999999999999996,0,0,0,300,0,0,0,0,0,0,0,0,0,0,0,0,4.5283760689613199,0,0
49,network_delay,B1,42,17446664036809962113,5620477619774011923,100,0,0,0,0,0,0,0,0,300,0,0,0,0,0,0,0,0,0,0,0,0,4.5283760689613199,0,0
49,network_delay,P,42,17446664036809962113,5620477619774011923,100,0,0,0,0,0,0,0,0,300,0,0,0,0,0,0,0,0,0,0,0,0,4.5283760689613199,0,0
0,network_reorder,B0,42,16810207103304354796,7122639740758630782,100,99,99,0,0,0.98999999999999999,0,0,0,0,0,143,91,0,0,0,0,0,0,0,0,3,2.7158908056633426,103,1.0753515704177867
0,network_reorder,B1,42,16810207103304354796,7122639740758630782,100,99,99,0,0,0.98999999999999999,0,0,0,0,0,143,91,0,0,0,0,0,0,0,0,3,2.7158908056633426,103,1.0753515704177867
0,network_reorder,P,42,16810207103304354796,7122639740758630782,100,99,99,0,0,0.98999999999999999,0,297,0,0,0,143,91,0,0,0,0,0,0,0,0,3,2.7158908056633426,103,1.0753515704177867
1,network_reorder,B0,42,4668941500697059185,5118876281129063487,100,99,99,0,0,0.98999999999999999,0,0,0,0,0,162,105,0,0,0,0,0,0,0,0,3,4.8278059529620485,103,1.0753515704177867
1,network_reorder,B1,42,4668941500697059185,5118876281129063487,100,99,99,0,0,0.98999999999999999,0,0,0,0,0,162,105,0,0,0,0,0,0,0,0,3,4.8278059529620485,103,1.0753515704177867
1,network_reorder,P,42,4668941500697059185,5118876281129063487,100,99,99,0,0,0.98999999999999999,0,297,0,0,0,162,105,0,0,0,0,0,0,0,0,3,4.8278059529620485,103,1.0753515704177867
2,network_reorder,B0,42,16320440670712453270,4755352453512013436,100,99,99,0,0,0.98999999999999999,0,0,0,0,0,143,91,0,0,0,0,0,0,0,0,3,4.2326149242817177,103,1.0753515704177867
2,network_reorder,B1,42,16320440670712453270,4755352453512013436,100,99,99,0,0,0.98999999999999999,0,0,0,0,0,143,91,0,0,0,0,0,0,0,0,3,4.2326149242817177,103,1.0753515704177867
2,network_reorder,P,42,16320440670712453270,4755352453512013436,100,99,99,0,0,0.98999999999999999,0,297,0,0,0,143,91,0,0,0,0,0,0,0,0,3,4.2326149242817177,103,1.0753515704177867
3,network_reorder,B0,42,11593834175221393723,13171282298473496477,100,100,100,0,0,1,0,0,0,0,0,149,102,0,0,0,0,0,0,0,0,3,5.3992324948954025,103,1.0753515704177867
3,network_reorder,B1,42,11593834175221393723,13171282298473496477,100,100,100,0,0,1,0,0,0,0,0,149,102,0,0,0,0,0,0,0,0,3,5.3992324948954025,103,1.0753515704177867
3,network_reorder,P,42,11593834175221393723,13171282298473496477,100,99,99,0,0,0.98999999999999999,0,297,0,0,0,149,102,0,0,0,0,0,0,0,0,3,5.3992324948954025,103,1.0753515704177867
4,network_reorder,B0,42,3347813090986583384,9965028999047352386,100,99,99,0,0,0.98999999999999999,0,0,0,0,0,141,98,0,0,0,0,0,0,0,0,3,4.6626369101779854,103,1.0753515704177867
4,network_reorder,B1,42,3347813090986583384,9965028999047352386,100,99,99,0,0,0.98999999999999999,0,0,0,0,0,141,98,0,0,0,0,0,0,0,0,3,4.6626369101779854,103,1.0753515704177867
4,network_reorder,P,42,3347813090986583384,9965028999047352386,100,99,99,0,0,0.98999999999999999,0,297,0,0,0,141,98,0,0,0,0,0,0,0,0,3,4.6626369101779854,103,1.0753515704177867
5,network_reorder,B0,42,16534674281161132573,2953394961301823395,100,99,99,0,0,0.98999999999999999,0,0,0,0,0,158,102,0,0,0,0,0,0,0,0,3,5.156626808531998,103,1.0753515704177867
5,network_reorder,B1,42,16534674281161132573,2953394961301823395,100,99,99,0,0,0.98999999999999999,0,0,0,0,0,158,102,0,0,0,0,0,0,0,0,3,5.156626808531998,103,1.0753515704177867
5,network_reorder,P,42,16534674281161132573,2953394961301823395,100,99,99,0,0,0.98999999999999999,0,297,0,0,0,158,102,0,0,0,0,0,0,0,0,3,5.156626808531998,103,1.0753515704177867
6,network_reorder,B0,42,1869434951182979682,18353972560663463648,100,99,99,0,0,0.98999999999999999,0,0,0,0,0,143,98,0,0,0,0,0,0,0,0,3,5.2437020890048096,103,1.0753515704177867
6,network_reorder,B1,42,1869434951182979682,18353972560663463648,100,99,99,0,0,0.98999999999999999,0,0,0,0,0,143,98,0,0,0,0,0,0,0,0,3,5.2437020890048096,103,1.0753515704177867
6,network_reorder,P,42,1869434951182979682,18353972560663463648,100,99,99,0,0,0.98999999999999999,0,297,0,0,0,143,98,0,0,0,0,0,0,0,0,3,5.2437020890048096,103,1.0753515704177867
7,network_reorder,B0,42,15165218386447993671,15406333975234513569,100,99,99,0,0,0.98999999999999999,0,0,0,0,0,141,95,0,0,0,0,0,0,0,0,3,4.6047102611126309,103,1.0753515704177867
7,network_reorder,B1,42,15165218386447993671,15406333975234513569,100,99,99,0,0,0.98999999999999999,0,0,0,0,0,141,95,0,0,0,0,0,0,0,0,3,4.6047102611126309,103,1.0753515704177867
7,network_reorder,P,42,15165218386447993671,15406333975234513569,100,99,99,0,0,0.98999999999999999,0,297,0,0,0,141,95,0,0,0,0,0,0,0,0,3,4.6047102611126309,103,1.0753515704177867
8,network_reorder,B0,42,925738743642114676,18219269889933776678,100,99,99,0,0,0.98999999999999999,0,0,0,0,0,143,100,0,0,0,0,0,0,0,0,3,4.2251645968200817,103,1.0753515704177867
8,network_reorder,B1,42,925738743642114676,18219269889933776678,100,99,99,0,0,0.98999999999999999,0,0,0,0,0,143,100,0,0,0,0,0,0,0,0,3,4.2251645968200817,103,1.0753515704177867
8,network_reorder,P,42,925738743642114676,18219269889933776678,100,99,99,0,0,0.98999999999999999,0,297,0,0,0,143,100,0,0,0,0,0,0,0,0,3,4.2251645968200817,103,1.0753515704177867
9,network_reorder,B0,42,18424644545096847385,2195457525055949063,100,100,100,0,0,1,0,0,0,0,0,159,101,0,0,0,0,0,0,0,0,3,5.021949768325805,103,1.0753515704177867
9,network_reorder,B1,42,18424644545096847385,2195457525055949063,100,100,100,0,0,1,0,0,0,0,0,159,101,0,0,0,0,0,0,0,0,3,5.021949768325805,103,1.0753515704177867
9,network_reorder,P,42,18424644545096847385,2195457525055949063,100,99,99,0,0,0.98999999999999999,0,297,0,0,0,159,101,0,0,0,0,0,0,0,0,3,5.021949768325805,103,1.0753515704177867
10,network_reorder,B0,42,1197137687119922334,2344006051952666852,100,99,99,0,0,0.98999999999999999,0,0,0,0,0,152,97,0,0,0,0,0,0,0,0,3,5.3857819261717248,103,1.0753515704177867
10,network_reorder,B1,42,1197137687119922334,2344006051952666852,100,99,99,0,0,0.98999999999999999,0,0,0,0,0,152,97,0,0,0,0,0,0,0,0,3,5.3857819261717248,103,1.0753515704177867
10,network_reorder,P,42,1197137687119922334,2344006051952666852,100,99,99,0,0,0.98999999999999999,0,297,0,0,0,152,97,0,0,0,0,0,0,0,0,3,5.3857819261717248,103,1.0753515704177867
11,network_reorder,B0,42,12889497012818321507,48287458364751717,100,99,99,0,0,0.98999999999999999,0,0,0,0,0,154,102,0,0,0,0,0,0,0,0,3,4.3663996907055758,103,1.0753515704177867
11,network_reorder,B1,42,12889497012818321507,48287458364751717,100,99,99,0,0,0.98999999999999999,0,0,0,0,0,154,102,0,0,0,0,0,0,0,0,3,4.3663996907055758,103,1.0753515704177867
11,network_reorder,P,42,12889497012818321507,48287458364751717,100,99,99,0,0,0.98999999999999999,0,297,0,0,0,154,102,0,0,0,0,0,0,0,0,3,4.3663996907055758,103,1.0753515704177867
12,network_reorder,B0,42,564723016766813184,4947808007172291658,100,99,99,0,0,0.98999999999999999,0,0,0,0,0,141,97,0,0,0,0,0,0,0,0,3,2.9113974897065553,103,1.0753515704177867
12,network_reorder,B1,42,564723016766813184,4947808007172291658,100,99,99,0,0,0.98999999999999999,0,0,0,0,0,141,97,0,0,0,0,0,0,0,0,3,2.9113974897065553,103,1.0753515704177867
12,network_reorder,P,42,564723016766813184,4947808007172291658,100,99,99,0,0,0.98999999999999999,0,297,0,0,0,141,97,0,0,0,0,0,0,0,0,3,2.9113974897065553,103,1.0753515704177867
13,network_reorder,B0,42,1139813661928537189,369035765656925963,100,99,99,0,0,0.98999999999999999,0,0,0,0,0,151,100,0,0,0,0,0,0,0,0,3,5.2881318784673308,103,1.0753515704177867
13,network_reorder,B1,42,1139813661928537189,369035765656925963,100,99,99,0,0,0.98999999999999999,0,0,0,0,0,151,100,0,0,0,0,0,0,0,0,3,5.2881318784673308,103,1.0753515704177867
13,network_reorder,P,42,1139813661928537189,369035765656925963,100,99,99,0,0,0.98999999999999999,0,297,0,0,0,151,100,0,0,0,0,0,0,0,0,3,5.2881318784673308,103,1.0753515704177867
14,network_reorder,B0,42,11109762063541617482,6586316184321760232,100,100,100,0,0,1,0,0,0,0,0,140,96,0,0,0,0,0,0,0,0,3,4.5389053293675046,103,1.0753515704177867
14,network_reorder,B1,42,11109762063541617482,6586316184321760232,100,100,100,0,0,1,0,0,0,0,0,140,96,0,0,0,0,0,0,0,0,3,4.5389053293675046,103,1.0753515704177867
14,network_reorder,P,42,11109762063541617482,6586316184321760232,100,99,99,0,0,0.98999999999999999,0,297,0,0,0,140,96,0,0,0,0,0,0,0,0,3,4.5389053293675046,103,1.0753515704177867
15,network_reorder,B0,42,13619859224420957711,16133319381105630281,100,99,99,0,0,0.98999999999999999,0,0,0,0,0,145,96,0,0,0,0,0,0,0,0,3,5.4567472568148894,103,1.0753515704177867
15,network_reorder,B1,42,13619859224420957711,16133319381105630281,100,99,99,0,0,0.98999999999999999,0,0,0,0,0,145,96,0,0,0,0,0,0,0,0,3,5.4567472568148894,103,1.0753515704177867
15,network_reorder,P,42,13619859224420957711,16133319381105630281,100,99,99,0,0,0.98999999999999999,0,297,0,0,0,145,96,0,0,0,0,0,0,0,0,3,5.4567472568148894,103,1.0753515704177867
16,network_reorder,B0,42,17159192876407639708,18400911901820514094,100,99,99,0,0,0.98999999999999999,0,0,0,0,0,160,102,0,0,0,0,0,0,0,0,3,3.5751401130886258,103,1.0753515704177867
16,network_reorder,B1,42,17159192876407639708,18400911901820514094,100,99,99,0,0,0.98999999999999999,0,0,0,0,0,160,102,0,0,0,0,0,0,0,0,3,3.5751401130886258,103,1.0753515704177867
16,network_reorder,P,42,17159192876407639708,18400911901820514094,100,99,99,0,0,0.98999999999999999,0,297,0,0,0,160,102,0,0,0,0,0,0,0,0,3,3.5751401130886258,103,1.0753515704177867
17,network_reorder,B0,42,16123066810707161761,3330140523633200495,100,99,99,0,0,0.98999999999999999,0,0,0,0,0,142,97,0,0,0,0,0,0,0,0,3,4.439289413039746,103,1.0753515704177867
17,network_reorder,B1,42,16123066810707161761,3330140523633200495,100,99,99,0,0,0.98999999999999999,0,0,0,0,0,142,97,0,0,0,0,0,0,0,0,3,4.439289413039746,103,1.0753515704177867
17,network_reorder,P,42,16123066810707161761,3330140523633200495,100,99,99,0,0,0.98999999999999999,0,297,0,0,0,142,97,0,0,0,0,0,0,0,0,3,4.439289413039746,103,1.0753515704177867
18,network_reorder,B0,42,17255731612241714630,17512625343450968556,100,99,99,0,0,0.98999999999999999,0,0,0,0,0,147,96,0,0,0,0,0,0,0,0,3,5.0749059806430497,103,1.0753515704177867
18,network_reorder,B1,42,17255731612241714630,17512625343450968556,100,99,99,0,0,0.98999999999999999,0,0,0,0,0,147,96,0,0,0,0,0,0,0,0,3,5.0749059806430497,103,1.0753515704177867
18,network_reorder,P,42,17255731612241714630,17512625343450968556,100,99,99,0,0,0.98999999999999999,0,297,0,0,0,147,96,0,0,0,0,0,0,0,0,3,5.0749059806430497,103,1.0753515704177867
19,network_reorder,B0,42,13883523294833848875,11430871421260215309,100,99,99,0,0,0.98999999999999999,0,0,0,0,0,161,104,0,0,0,0,0,0,0,0,3,4.8906522878844765,103,1.0753515704177867
19,network_reorder,B1,42,13883523294833848875,11430871421260215309,100,99,99,0,0,0.98999999999999999,0,0,0,0,0,161,104,0,0,0,0,0,0,0,0,3,4.8906522878844765,103,1.0753515704177867
19,network_reorder,P,42,13883523294833848875,11430871421260215309,100,99,99,0,0,0.98999999999999999,0,297,0,0,0,161,104,0,0,0,0,0,0,0,0,3,4.8906522878844765,103,1.0753515704177867
20,network_reorder,B0,42,5193794695500498632,7414255450259718898,100,99,99,0,0,0.98999999999999999,0,0,0,0,0,152,102,0,0,0,0,0,0,0,0,3,4.6698011834472348,103,1.0753515704177867
20,network_reorder,B1,42,5193794695500498632,7414255450259718898,100,99,99,0,0,0.98999999999999999,0,0,0,0,0,152,102,0,0,0,0,0,0,0,0,3,4.6698011834472348,103,1.0753515704177867
20,network_reorder,P,42,5193794695500498632,7414255450259718898,100,99,99,0,0,0.98999999999999999,0,297,0,0,0,152,102,0,0,0,0,0,0,0,0,3,4.6698011834472348,103,1.0753515704177867
21,network_reorder,B0,42,12200570134785767245,6873253237896785235,100,99,99,0,0,0.98999999999999999,0,0,0,0,0,142,95,0,0,0,0,0,0,0,0,3,5.366372619492072,103,1.0753515704177867
21,network_reorder,B1,42,12200570134785767245,6873253237896785235,100,99,99,0,0,0.98999999999999999,0,0,0,0,0,142,95,0,0,0,0,0,0,0,0,3,5.366372619492072,103,1.0753515704177867
21,network_reorder,P,42,12200570134785767245,6873253237896785235,100,99,99,0,0,0.98999999999999999,0,297,0,0,0,142,95,0,0,0,0,0,0,0,0,3,5.366372619492072,103,1.0753515704177867
22,network_reorder,B0,42,6639034778626213330,1097213031828629200,100,99,99,0,0,0.98999999999999999,0,0,0,0,0,151,97,0,0,0,0,0,0,0,0,3,3.2344187275339005,103,1.0753515704177867
22,network_reorder,B1,42,6639034778626213330,1097213031828629200,100,99,99,0,0,0.98999999999999999,0,0,0,0,0,151,97,0,0,0,0,0,0,0,0,3,3.2344187275339005,103,1.0753515704177867
22,network_reorder,P,42,6639034778626213330,1097213031828629200,100,99,99,0,0,0.98999999999999999,0,297,0,0,0,151,97,0,0,0,0,0,0,0,0,3,3.2344187275339005,103,1.0753515704177867
23,network_reorder,B0,42,5188156410933320695,9621275621348659473,100,99,99,0,0,0.98999999999999999,0,0,0,0,0,157,103,0,0,0,0,0,0,0,0,3,5.1618258393395058,103,1.0753515704177867
23,network_reorder,B1,42,5188156410933320695,9621275621348659473,100,99,99,0,0,0.98999999999999999,0,0,0,0,0,157,103,0,0,0,0,0,0,0,0,3,5.1618258393395058,103,1.0753515704177867
23,network_reorder,P,42,5188156410933320695,9621275621348659473,100,99,99,0,0,0.98999999999999999,0,297,0,0,0,157,103,0,0,0,0,0,0,0,0,3,5.1618258393395058,103,1.0753515704177867
24,network_reorder,B0,42,6139046086183888228,6532227667615676886,100,99,99,0,0,0.98999999999999999,0,0,0,0,0,155,104,0,0,0,0,0,0,0,0,3,4.8620666514688038,103,1.0753515704177867
24,network_reorder,B1,42,6139046086183888228,6532227667615676886,100,99,99,0,0,0.98999999999999999,0,0,0,0,0,155,104,0,0,0,0,0,0,0,0,3,4.8620666514688038,103,1.0753515704177867
24,network_reorder,P,42,6139046086183888228,6532227667615676886,100,99,99,0,0,0.98999999999999999,0,297,0,0,0,155,104,0,0,0,0,0,0,0,0,3,4.8620666514688038,103,1.0753515704177867
25,network_reorder,B0,42,14852878865191795913,13914838552903927607,100,99,99,0,0,0.98999999999999999,0,0,0,0,0,141,98,0,0,0,0,0,0,0,0,3,4.7269549070601133,103,1.0753515704177867
25,network_reorder,B1,42,14852878865191795913,13914838552903927607,100,99,99,0,0,0.98999999999999999,0,0,0,0,0,141,98,0,0,0,0,0,0,0,0,3,4.7269549070601133,103,1.0753515704177867
25,network_reorder,P,42,14852878865191795913,13914838552903927607,100,99,99,0,0,0.98999999999999999,0,297,0,0,0,141,98,0,0,0,0,0,0,0,0,3,4.7269549070601133,103,1.0753515704177867
26,network_reorder,B0,42,10759014571150830798,17216617008647545428,100,99,99,0,0,0.98999999999999999,0,0,0,0,0,147,101,0,0,0,0,0,0,0,0,3,4.9112939818163035,103,1.0753515704177867
26,network_reorder,B1,42,10759014571150830798,17216617008647545428,100,99,99,0,0,0.98999999999999999,0,0,0,0,0,147,101,0,0,0,0,0,0,0,0,3,4.9112939818163035,103,1.0753515704177867
26,network_reorder,P,42,10759014571150830798,17216617008647545428,100,99,99,0,0,0.98999999999999999,0,297,0,0,0,147,101,0,0,0,0,0,0,0,0,3,4.9112939818163035,103,1.0753515704177867
27,network_reorder,B0,42,3714909113697100947,8026537865504258901,100,99,99,0,0,0.98999999999999999,0,0,0,0,0,145,95,0,0,0,0,0,0,0,0,3,5.3893186585236474,103,1.0753515704177867
27,network_reorder,B1,42,3714909113697100947,8026537865504258901,100,99,99,0,0,0.98999999999999999,0,0,0,0,0,145,95,0,0,0,0,0,0,0,0,3,5.3893186585236474,103,1.0753515704177867
27,network_reorder,P,42,3714909113697100947,8026537865504258901,100,99,99,0,0,0.98999999999999999,0,297,0,0,0,145,95,0,0,0,0,0,0,0,0,3,5.3893186585236474,103,1.0753515704177867
28,network_reorder,B0,42,15638994699027385520,17278734325282850490,100,99,99,0,0,0.98999999999999999,0,0,0,0,0,155,96,0,0,0,0,0,0,0,0,3,4.7588767267276975,103,1.0753515704177867
28,network_reorder,B1,42,15638994699027385520,17278734325282850490,100,99,99,0,0,0.98999999999999999,0,0,0,0,0,155,96,0,0,0,0,0,0,0,0,3,4.7588767267276975,103,1.0753515704177867
28,network_reorder,P,42,15638994699027385520,17278734325282850490,100,99,99,0,0,0.98999999999999999,0,297,0,0,0,155,96,0,0,0,0,0,0,0,0,3,4.7588767267276975,103,1.0753515704177867
29,network_reorder,B0,42,10786533052122665045,11108517882618215163,100,99,99,0,0,0.98999999999999999,0,0,0,0,0,156,106,0,0,0,0,0,0,0,0,3,4.1153496281138144,103,1.0753515704177867
29,network_reorder,B1,42,10786533052122665045,11108517882618215163,100,99,99,0,0,0.98999999999999999,0,0,0,0,0,156,106,0,0,0,0,0,0,0,0,3,4.1153496281138144,103,1.0753515704177867
29,network_reorder,P,42,10786533052122665045,11108517882618215163,100,99,99,0,0,0.98999999999999999,0,297,0,0,0,156,106,0,0,0,0,0,0,0,0,3,4.1153496281138144,103,1.0753515704177867
30,network_reorder,B0,42,17411780308251417786,17595765119921285528,100,99,99,0,0,0.98999999999999999,0,0,0,0,0,150,101,0,0,0,0,0,0,0,0,3,5.1656800282186479,103,1.0753515704177867
30,network_reorder,B1,42,17411780308251417786,17595765119921285528,100,99,99,0,0,0.98999999999999999,0,0,0,0,0,150,101,0,0,0,0,0,0,0,0,3,5.1656800282186479,103,1.0753515704177867
30,network_reorder,P,42,17411780308251417786,17595765119921285528,100,99,99,0,0,0.98999999999999999,0,297,0,0,0,150,101,0,0,0,0,0,0,0,0,3,5.1656800282186479,103,1.0753515704177867
31,network_reorder,B0,42,14960714582419432383,7674296922893326073,100,99,99,0,0,0.98999999999999999,0,0,0,0,0,147,101,0,0,0,0,0,0,0,0,3,3.4409769389809663,103,1.0753515704177867
31,network_reorder,B1,42,14960714582419432383,7674296922893326073,100,99,99,0,0,0.98999999999999999,0,0,0,0,0,147,101,0,0,0,0,0,0,0,0,3,3.4409769389809663,103,1.0753515704177867
31,network_reorder,P,42,14960714582419432383,7674296922893326073,100,99,99,0,0,0.98999999999999999,0,297,0,0,0,147,101,0,0,0,0,0,0,0,0,3,3.4409769389809663,103,1.0753515704177867
32,network_reorder,B0,42,10781159969224193356,16505555398012932446,100,100,100,0,0,1,0,0,0,0,0,165,106,0,0,0,0,0,0,0,0,3,4.1526348890546512,103,1.0753515704177867
32,network_reorder,B1,42,10781159969224193356,16505555398012932446,100,100,100,0,0,1,0,0,0,0,0,165,106,0,0,0,0,0,0,0,0,3,4.1526348890546512,103,1.0753515704177867
32,network_reorder,P,42,10781159969224193356,16505555398012932446,100,99,99,0,0,0.98999999999999999,0,297,0,0,0,165,106,0,0,0,0,0,0,0,0,3,4.1526348890546512,103,1.0753515704177867
33,network_reorder,B0,42,11728230447752747985,16204552083553964831,100,99,99,0,0,0.98999999999999999,0,0,0,0,0,144,97,0,0,0,0,0,0,0,0,3,4.818343529607314,103,1.0753515704177867
33,network_reorder,B1,42,11728230447752747985,16204552083553964831,100,99,99,0,0,0.98999999999999999,0,0,0,0,0,144,97,0,0,0,0,0,0,0,0,3,4.818343529607314,103,1.0753515704177867
33,network_reorder,P,42,11728230447752747985,16204552083553964831,100,99,99,0,0,0.98999999999999999,0,297,0,0,0,144,97,0,0,0,0,0,0,0,0,3,4.818343529607314,103,1.0753515704177867
34,network_reorder,B0,42,8945314669155935606,8402430775887235676,100,99,99,0,0,0.98999999999999999,0,0,0,0,0,146,98,0,0,0,0,0,0,0,0,3,4.0600262678927095,103,1.0753515704177867
34,network_reorder,B1,42,8945314669155935606,8402430775887235676,100,99,99,0,0,0.98999999999999999,0,0,0,0,0,146,98,0,0,0,0,0,0,0,0,3,4.0600262678927095,103,1.0753515704177867
34,network_reorder,P,42,8945314669155935606,8402430775887235676,100,99,99,0,0,0.98999999999999999,0,297,0,0,0,146,98,0,0,0,0,0,0,0,0,3,4.0600262678927095,103,1.0753515704177867
35,network_reorder,B0,42,227496352486774043,15506279090648375805,100,99,99,0,0,0.98999999999999999,0,0,0,0,0,128,86,0,0,0,0,0,0,0,0,3,4.9879747382217685,103,1.0753515704177867
35,network_reorder,B1,42,227496352486774043,15506279090648375805,100,99,99,0,0,0.98999999999999999,0,0,0,0,0,128,86,0,0,0,0,0,0,0,0,3,4.9879747382217685,103,1.0753515704177867
35,network_reorder,P,42,227496352486774043,15506279090648375805,100,99,99,0,0,0.98999999999999999,0,297,0,0,0,128,86,0,0,0,0,0,0,0,0,3,4.9879747382217685,103,1.0753515704177867
36,network_reorder,B0,42,10407102038042272184,10633723460698948002,100,99,99,0,0,0.98999999999999999,0,0,0,0,0,147,98,0,0,0,0,0,0,0,0,3,4.1788288837674132,103,1.0753515704177867
36,network_reorder,B1,42,10407102038042272184,10633723460698948002,100,99,99,0,0,0.98999999999999999,0,0,0,0,0,147,98,0,0,0,0,0,0,0,0,3,4.1788288837674132,103,1.0753515704177867
36,network_reorder,P,42,10407102038042272184,10633723460698948002,100,99,99,0,0,0.98999999999999999,0,297,0,0,0,147,98,0,0,0,0,0,0,0,0,3,4.1788288837674132,103,1.0753515704177867
37,network_reorder,B0,42,4267529692386032381,6886617744199710211,100,99,99,0,0,0.98999999999999999,0,0,0,0,0,160,105,0,0,0,0,0,0,0,0,3,4.6841424101990725,103,1.0753515704177867
37,network_reorder,B1,42,4267529692386032381,6886617744199710211,100,99,99,0,0,0.98999999999999999,0,0,0,0,0,160,105,0,0,0,0,0,0,0,0,3,4.6841424101990725,103,1.0753515704177867
37,network_reorder,P,42,4267529692386032381,6886617744199710211,100,99,99,0,0,0.98999999999999999,0,297,0,0,0,160,105,0,0,0,0,0,0,0,0,3,4.6841424101990725,103,1.0753515704177867
38,network_reorder,B0,42,8494821390787606338,11503660897070157248,100,99,99,0,0,0.98999999999999999,0,0,0,0,0,139,96,0,0,0,0,0,0,0,0,3,3.6010471988532613,103,1.0753515704177867
38,network_reorder,B1,42,8494821390787606338,11503660897070157248,100,99,99,0,0,0.98999999999999999,0,0,0,0,0,139,96,0,0,0,0,0,0,0,0,3,3.6010471988532613,103,1.0753515704177867
38,network_reorder,P,42,8494821390787606338,11503660897070157248,100,99,99,0,0,0.98999999999999999,0,297,0,0,0,139,96,0,0,0,0,0,0,0,0,3,3.6010471988532613,103,1.0753515704177867
39,network_reorder,B0,42,6910402922770238631,8411818809667750785,100,99,99,0,0,0.98999999999999999,0,0,0,0,0,127,90,0,0,0,0,0,0,0,0,3,4.4079831861598171,103,1.0753515704177867
39,network_reorder,B1,42,6910402922770238631,8411818809667750785,100,99,99,0,0,0.98999999999999999,0,0,0,0,0,127,90,0,0,0,0,0,0,0,0,3,4.4079831861598171,103,1.0753515704177867
39,network_reorder,P,42,6910402922770238631,8411818809667750785,100,99,99,0,0,0.98999999999999999,0,297,0,0,0,127,90,0,0,0,0,0,0,0,0,3,4.4079831861598171,103,1.0753515704177867
40,network_reorder,B0,42,4008714893987389780,3749024166129838854,100,99,99,0,0,0.98999999999999999,0,0,0,0,0,148,100,0,0,0,0,0,0,0,0,3,3.7878725731458229,103,1.0753515704177867
40,network_reorder,B1,42,4008714893987389780,3749024166129838854,100,99,99,0,0,0.98999999999999999,0,0,0,0,0,148,100,0,0,0,0,0,0,0,0,3,3.7878725731458229,103,1.0753515704177867
40,network_reorder,P,42,4008714893987389780,3749024166129838854,100,99,99,0,0,0.98999999999999999,0,297,0,0,0,148,100,0,0,0,0,0,0,0,0,3,3.7878725731458229,103,1.0753515704177867
41,network_reorder,B0,42,8362665835234397177,6977024518664909927,100,99,99,0,0,0.98999999999999999,0,0,0,0,0,146,100,0,0,0,0,0,0,0,0,3,5.4828107868125722,103,1.0753515704177867
41,network_reorder,B1,42,8362665835234397177,6977024518664909927,100,99,99,0,0,0.98999999999999999,0,0,0,0,0,146,100,0,0,0,0,0,0,0,0,3,5.4828107868125722,103,1.0753515704177867
41,network_reorder,P,42,8362665835234397177,6977024518664909927,100,99,99,0,0,0.98999999999999999,0,297,0,0,0,146,100,0,0,0,0,0,0,0,0,3,5.4828107868125722,103,1.0753515704177867
42,network_reorder,B0,42,3400424375343960062,3007135330545484100,100,99,99,0,0,0.98999999999999999,0,0,0,0,0,172,111,0,0,0,0,0,0,0,0,3,4.1744207017510675,103,1.0753515704177867
42,network_reorder,B1,42,3400424375343960062,3007135330545484100,100,99,99,0,0,0.98999999999999999,0,0,0,0,0,172,111,0,0,0,0,0,0,0,0,3,4.1744207017510675,103,1.0753515704177867
42,network_reorder,P,42,3400424375343960062,3007135330545484100,100,99,99,0,0,0.98999999999999999,0,297,0,0,0,172,111,0,0,0,0,0,0,0,0,3,4.1744207017510675,103,1.0753515704177867
43,network_reorder,B0,42,4619782524672878147,8121844121492711237,100,99,99,0,0,0.98999999999999999,0,0,0,0,0,147,95,0,0,0,0,0,0,0,0,3,4.7536694019119139,103,1.0753515704177867
43,network_reorder,B1,42,4619782524672878147,8121844121492711237,100,99,99,0,0,0.98999999999999999,0,0,0,0,0,147,95,0,0,0,0,0,0,0,0,3,4.7536694019119139,103,1.0753515704177867
43,network_reorder,P,42,4619782524672878147,8121844121492711237,100,99,99,0,0,0.98999999999999999,0,297,0,0,0,147,95,0,0,0,0,0,0,0,0,3,4.7536694019119139,103,1.0753515704177867
44,network_reorder,B0,42,5885750343499270368,14784861493046062122,100,99,99,0,0,0.98999999999999999,0,0,0,0,0,158,99,0,0,0,0,0,0,0,0,3,4.7422619277174114,103,1.0753515704177867
44,network_reorder,B1,42,5885750343499270368,14784861493046062122,100,99,99,0,0,0.98999999999999999,0,0,0,0,0,158,99,0,0,0,0,0,0,0,0,3,4.7422619277174114,103,1.0753515704177867
44,network_reorder,P,42,5885750343499270368,14784861493046062122,100,99,99,0,0,0.98999999999999999,0,297,0,0,0,158,99,0,0,0,0,0,0,0,0,3,4.7422619277174114,103,1.0753515704177867
45,network_reorder,B0,42,12196532709613882821,2141532150664607339,100,99,99,0,0,0.98999999999999999,0,0,0,0,0,155,106,0,0,0,0,0,0,0,0,3,5.3078829276626625,103,1.0753515704177867
45,network_reorder,B1,42,12196532709613882821,2141532150664607339,100,99,99,0,0,0.98999999999999999,0,0,0,0,0,155,106,0,0,0,0,0,0,0,0,3,5.3078829276626625,103,1.0753515704177867
45,network_reorder,P,42,12196532709613882821,2141532150664607339,100,99,99,0,0,0.98999999999999999,0,297,0,0,0,155,106,0,0,0,0,0,0,0,0,3,5.3078829276626625,103,1.0753515704177867
46,network_reorder,B0,42,3734636061985099818,296117374704510536,100,100,100,0,0,1,0,0,0,0,0,135,90,0,0,0,0,0,0,0,0,3,5.0767959849945239,103,1.0753515704177867
46,network_reorder,B1,42,3734636061985099818,296117374704510536,100,100,100,0,0,1,0,0,0,0,0,135,90,0,0,0,0,0,0,0,0,3,5.0767959849945239,103,1.0753515704177867
46,network_reorder,P,42,3734636061985099818,296117374704510536,100,99,99,0,0,0.98999999999999999,0,297,0,0,0,135,90,0,0,0,0,0,0,0,0,3,5.0767959849945239,103,1.0753515704177867
47,network_reorder,B0,42,12467931653091690479,4342864987732870569,100,99,99,0,0,0.98999999999999999,0,0,0,0,0,152,100,0,0,0,0,0,0,0,0,3,3.0094529565393615,103,1.0753515704177867
47,network_reorder,B1,42,12467931653091690479,4342864987732870569,100,99,99,0,0,0.98999999999999999,0,0,0,0,0,152,100,0,0,0,0,0,0,0,0,3,3.0094529565393615,103,1.0753515704177867
47,network_reorder,P,42,12467931653091690479,4342864987732870569,100,99,99,0,0,0.98999999999999999,0,297,0,0,0,152,100,0,0,0,0,0,0,0,0,3,3.0094529565393615,103,1.0753515704177867
48,network_reorder,B0,42,8904377412729884668,11367916151307899918,100,99,99,0,0,0.98999999999999999,0,0,0,0,0,143,96,0,0,0,0,0,0,0,0,3,5.3519620018527609,103,1.0753515704177867
48,network_reorder,B1,42,8904377412729884668,11367916151307899918,100,99,99,0,0,0.98999999999999999,0,0,0,0,0,143,96,0,0,0,0,0,0,0,0,3,5.3519620018527609,103,1.0753515704177867
48,network_reorder,P,42,8904377412729884668,11367916151307899918,100,99,99,0,0,0.98999999999999999,0,297,0,0,0,143,96,0,0,0,0,0,0,0,0,3,5.3519620018527609,103,1.0753515704177867
49,network_reorder,B0,42,17446664036809962113,2355042142668240719,100,99,99,0,0,0.98999999999999999,0,0,0,0,0,153,99,0,0,0,0,0,0,0,0,3,4.5283760689613199,103,1.0753515704177867
49,network_reorder,B1,42,17446664036809962113,2355042142668240719,100,99,99,0,0,0.98999999999999999,0,0,0,0,0,153,99,0,0,0,0,0,0,0,0,3,4.5283760689613199,103,1.0753515704177867
49,network_reorder,P,42,17446664036809962113,2355042142668240719,100,99,99,0,0,0.98999999999999999,0,297,0,0,0,153,99,0,0,0,0,0,0,0,0,3,4.5283760689613199,103,1.0753515704177867
0,packet_loss,B0,42,16810207103304354796,2128164613740542082,100,98,98,0,0,0.97999999999999998,0,0,0,0,134,0,0,0,0,0,0,0,0,0,0,3,2.7158908056633426,203,2.1193822213088418
0,packet_loss,B1,42,16810207103304354796,2128164613740542082,100,83,83,0,0,0.82999999999999996,0,0,0,0,134,0,0,0,0,0,0,0,0,0,0,3,2.7158908056633426,203,2.1193822213088418
0,packet_loss,P,42,16810207103304354796,2128164613740542082,100,49,49,0,0,0.48999999999999999,0,147,0,0,134,0,0,0,0,0,0,0,0,0,0,3,2.7158908056633426,203,2.1193822213088418
1,packet_loss,B0,42,4668941500697059185,12779663152948732979,100,99,99,0,0,0.98999999999999999,0,0,0,0,139,0,0,0,0,0,0,0,0,0,0,3,4.8278059529620485,203,2.1193822213088418
1,packet_loss,B1,42,4668941500697059185,12779663152948732979,100,81,81,0,0,0.81000000000000005,0,0,0,0,139,0,0,0,0,0,0,0,0,0,0,3,4.8278059529620485,203,2.1193822213088418
1,packet_loss,P,42,4668941500697059185,12779663152948732979,100,49,49,0,0,0.48999999999999999,0,147,0,0,139,0,0,0,0,0,0,0,0,0,0,3,4.8278059529620485,203,2.1193822213088418
2,packet_loss,B0,42,16320440670712453270,2755218656736063744,100,96,96,0,0,0.95999999999999996,0,0,0,0,134,0,0,0,0,0,0,0,0,0,0,3,4.2326149242817177,203,2.1193822213088418
2,packet_loss,B1,42,16320440670712453270,2755218656736063744,100,84,84,0,0,0.83999999999999997,0,0,0,0,134,0,0,0,0,0,0,0,0,0,0,3,4.2326149242817177,203,2.1193822213088418
2,packet_loss,P,42,16320440670712453270,2755218656736063744,100,50,50,0,0,0.5,0,150,0,0,134,0,0,0,0,0,0,0,0,0,0,3,4.2326149242817177,203,2.1193822213088418
3,packet_loss,B0,42,11593834175221393723,9639141640204126929,100,99,99,0,0,0.98999999999999999,0,0,0,0,132,0,0,0,0,0,0,0,0,0,0,3,5.3992324948954025,203,2.1193822213088418
3,packet_loss,B1,42,11593834175221393723,9639141640204126929,100,92,92,0,0,0.92000000000000004,0,0,0,0,132,0,0,0,0,0,0,0,0,0,0,3,5.3992324948954025,203,2.1193822213088418
3,packet_loss,P,42,11593834175221393723,9639141640204126929,100,57,57,0,0,0.56999999999999995,0,171,0,0,132,0,0,0,0,0,0,0,0,0,0,3,5.3992324948954025,203,2.1193822213088418
4,packet_loss,B0,42,3347813090986583384,1911997831875290158,100,99,98,1,0.010101010101010102,0.98999999999999999,0.01,0,0,0,139,0,0,0,0,0,0,0,0,0,0,3,4.6626369101779854,203,2.1193822213088418
4,packet_loss,B1,42,3347813090986583384,1911997831875290158,100,86,86,0,0,0.85999999999999999,0,0,0,0,139,0,0,0,0,0,0,0,0,0,0,3,4.6626369101779854,203,2.1193822213088418
4,packet_loss,P,42,3347813090986583384,1911997831875290158,100,47,47,0,0,0.46999999999999997,0,141,0,0,139,0,0,0,0,0,0,0,0,0,0,3,4.6626369101779854,203,2.1193822213088418
5,packet_loss,B0,42,16534674281161132573,15581464497016810015,100,99,98,1,0.010101010101010102,0.98999999999999999,0.01,0,0,0,137,0,0,0,0,0,0,0,0,0,0,3,5.156626808531998,203,2.1193822213088418
5,packet_loss,B1,42,16534674281161132573,15581464497016810015,100,83,83,0,0,0.82999999999999996,0,0,0,0,137,0,0,0,0,0,0,0,0,0,0,3,5.156626808531998,203,2.1193822213088418
5,packet_loss,P,42,16534674281161132573,15581464497016810015,100,45,45,0,0,0.45000000000000001,0,135,0,0,137,0,0,0,0,0,0,0,0,0,0,3,5.156626808531998,203,2.1193822213088418
6,packet_loss,B0,42,1869434951182979682,9416667188088822732,100,100,100,0,0,1,0,0,0,0,123,0,0,0,0,0,0,0,0,0,0,3,5.2437020890048096,203,2.1193822213088418
6,packet_loss,B1,42,1869434951182979682,9416667188088822732,100,95,95,0,0,0.94999999999999996,0,0,0,0,123,0,0,0,0,0,0,0,0,0,0,3,5.2437020890048096,203,2.1193822213088418
6,packet_loss,P,42,1869434951182979682,9416667188088822732,100,52,52,0,0,0.52000000000000002,0,156,0,0,123,0,0,0,0,0,0,0,0,0,0,3,5.2437020890048096,203,2.1193822213088418
7,packet_loss,B0,42,15165218386447993671,13786127328851294109,100,96,94,2,0.020833333333333332,0.95999999999999996,0.02,0,0,0,130,0,0,0,0,0,0,0,0,0,0,3,4.6047102611126309,203,2.1193822213088418
7,packet_loss,B1,42,15165218386447993671,13786127328851294109,100,79,79,0,0,0.79000000000000004,0,0,0,0,130,0,0,0,0,0,0,0,0,0,0,3,4.6047102611126309,203,2.1193822213088418
7,packet_loss,P,42,15165218386447993671,13786127328851294109,100,47,47,0,0,0.46999999999999997,0,141,0,0,130,0,0,0,0,0,0,0,0,0,0,3,4.6047102611126309,203,2.1193822213088418
8,packet_loss,B0,42,925738743642114676,17928309796066534298,100,98,98,0,0,0.97999999999999998,0,0,0,0,135,0,0,0,0,0,0,0,0,0,0,3,4.2251645968200817,203,2.1193822213088418
8,packet_loss,B1,42,925738743642114676,17928309796066534298,100,85,85,0,0,0.84999999999999998,0,0,0,0,135,0,0,0,0,0,0,0,0,0,0,3,4.2251645968200817,203,2.1193822213088418
8,packet_loss,P,42,925738743642114676,17928309796066534298,100,44,44,0,0,0.44,0,132,0,0,135,0,0,0,0,0,0,0,0,0,0,3,4.2251645968200817,203,2.1193822213088418
9,packet_loss,B0,42,18424644545096847385,8314391064061041003,100,99,98,1,0.010101010101010102,0.98999999999999999,0.01,0,0,0,137,0,0,0,0,0,0,0,0,0,0,3,5.021949768325805,203,2.1193822213088418
9,packet_loss,B1,42,18424644545096847385,8314391064061041003,100,84,84,0,0,0.83999999999999997,0,0,0,0,137,0,0,0,0,0,0,0,0,0,0,3,5.021949768325805,203,2.1193822213088418
9,packet_loss,P,42,18424644545096847385,8314391064061041003,100,50,50,0,0,0.5,0,150,0,0,137,0,0,0,0,0,0,0,0,0,0,3,5.021949768325805,203,2.1193822213088418
10,packet_loss,B0,42,1197137687119922334,16616475482473983128,100,98,98,0,0,0.97999999999999998,0,0,0,0,129,0,0,0,0,0,0,0,0,0,0,3,5.3857819261717248,203,2.1193822213088418
10,packet_loss,B1,42,1197137687119922334,16616475482473983128,100,90,90,0,0,0.90000000000000002,0,0,0,0,129,0,0,0,0,0,0,0,0,0,0,3,5.3857819261717248,203,2.1193822213088418
10,packet_loss,P,42,1197137687119922334,16616475482473983128,100,57,57,0,0,0.56999999999999995,0,171,0,0,129,0,0,0,0,0,0,0,0,0,0,3,5.3857819261717248,203,2.1193822213088418
11,packet_loss,B0,42,12889497012818321507,657344081356672137,100,100,100,0,0,1,0,0,0,0,134,0,0,0,0,0,0,0,0,0,0,3,4.3663996907055758,203,2.1193822213088418
11,packet_loss,B1,42,12889497012818321507,657344081356672137,100,84,84,0,0,0.83999999999999997,0,0,0,0,134,0,0,0,0,0,0,0,0,0,0,3,4.3663996907055758,203,2.1193822213088418
11,packet_loss,P,42,12889497012818321507,657344081356672137,100,45,45,0,0,0.45000000000000001,0,135,0,0,134,0,0,0,0,0,0,0,0,0,0,3,4.3663996907055758,203,2.1193822213088418
12,packet_loss,B0,42,564723016766813184,9857831998347072486,100,97,97,0,0,0.96999999999999997,0,0,0,0,143,0,0,0,0,0,0,0,0,0,0,3,2.9113974897065553,203,2.1193822213088418
12,packet_loss,B1,42,564723016766813184,9857831998347072486,100,71,71,0,0,0.70999999999999996,0,0,0,0,143,0,0,0,0,0,0,0,0,0,0,3,2.9113974897065553,203,2.1193822213088418
12,packet_loss,P,42,564723016766813184,9857831998347072486,100,31,31,0,0,0.31,0,93,0,0,143,0,0,0,0,0,0,0,0,0,0,3,2.9113974897065553,203,2.1193822213088418
13,packet_loss,B0,42,1139813661928537189,16665275745634412087,100,100,100,0,0,1,0,0,0,0,133,0,0,0,0,0,0,0,0,0,0,3,5.2881318784673308,203,2.1193822213088418
13,packet_loss,B1,42,1139813661928537189,16665275745634412087,100,87,87,0,0,0.87,0,0,0,0,133,0,0,0,0,0,0,0,0,0,0,3,5.2881318784673308,203,2.1193822213088418
13,packet_loss,P,42,1139813661928537189,16665275745634412087,100,45,45,0,0,0.45000000000000001,0,135,0,0,133,0,0,0,0,0,0,0,0,0,0,3,5.2881318784673308,203,2.1193822213088418
14,packet_loss,B0,42,11109762063541617482,15934737122275956292,100,99,99,0,0,0.98999999999999999,0,0,0,0,117,0,0,0,0,0,0,0,0,0,0,3,4.5389053293675046,203,2.1193822213088418
14,packet_loss,B1,42,11109762063541617482,15934737122275956292,100,91,91,0,0,0.91000000000000003,0,0,0,0,117,0,0,0,0,0,0,0,0,0,0,3,4.5389053293675046,203,2.1193822213088418
14,packet_loss,P,42,11109762063541617482,15934737122275956292,100,60,60,0,0,0.59999999999999998,0,180,0,0,117,0,0,0,0,0,0,0,0,0,0,3,4.5389053293675046,203,2.1193822213088418
15,packet_loss,B0,42,13619859224420957711,7203398923962047989,100,96,96,0,0,0.95999999999999996,0,0,0,0,125,0,0,0,0,0,0,0,0,0,0,3,5.4567472568148894,203,2.1193822213088418
15,packet_loss,B1,42,13619859224420957711,7203398923962047989,100,92,92,0,0,0.92000000000000004,0,0,0,0,125,0,0,0,0,0,0,0,0,0,0,3,5.4567472568148894,203,2.1193822213088418
15,packet_loss,P,42,13619859224420957711,7203398923962047989,100,54,54,0,0,0.54000000000000004,0,162,0,0,125,0,0,0,0,0,0,0,0,0,0,3,5.4567472568148894,203,2.1193822213088418
16,packet_loss,B0,42,17159192876407639708,12129421677195510322,100,96,96,0,0,0.95999999999999996,0,0,0,0,123,0,0,0,0,0,0,0,0,0,0,3,3.5751401130886258,203,2.1193822213088418
16,packet_loss,B1,42,17159192876407639708,12129421677195510322,100,89,89,0,0,0.89000000000000001,0,0,0,0,123,0,0,0,0,0,0,0,0,0,0,3,3.5751401130886258,203,2.1193822213088418
16,packet_loss,P,42,17159192876407639708,12129421677195510322,100,55,55,0,0,0.55000000000000004,0,165,0,0,123,0,0,0,0,0,0,0,0,0,0,3,3.5751401130886258,203,2.1193822213088418
17,packet_loss,B0,42,16123066810707161761,3349509925036150179,100,99,99,0,0,0.98999999999999999,0,0,0,0,137,0,0,0,0,0,0,0,0,0,0,3,4.439289413039746,203,2.1193822213088418
17,packet_loss,B1,42,16123066810707161761,3349509925036150179,100,82,82,0,0,0.81999999999999995,0,0,0,0,137,0,0,0,0,0,0,0,0,0,0,3,4.439289413039746,203,2.1193822213088418
17,packet_loss,P,42,16123066810707161761,3349509925036150179,100,45,45,0,0,0.45000000000000001,0,135,0,0,137,0,0,0,0,0,0,0,0,0,0,3,4.439289413039746,203,2.1193822213088418
18,packet_loss,B0,42,17255731612241714630,12325023634952347440,100,96,96,0,0,0.95999999999999996,0,0,0,0,142,0,0,0,0,0,0,0,0,0,0,3,5.0749059806430497,203,2.1193822213088418
18,packet_loss,B1,42,17255731612241714630,12325023634952347440,100,85,85,0,0,0.84999999999999998,0,0,0,0,142,0,0,0,0,0,0,0,0,0,0,3,5.0749059806430497,203,2.1193822213088418
18,packet_loss,P,42,17255731612241714630,12325023634952347440,100,47,47,0,0,0.46999999999999997,0,141,0,0,142,0,0,0,0,0,0,0,0,0,0,3,5.0749059806430497,203,2.1193822213088418
19,packet_loss,B0,42,13883523294833848875,16171406637956408321,100,99,97,2,0.020202020202020204,0.98999999999999999,0.02,0,0,0,145,0,0,0,0,0,0,0,0,0,0,3,4.8906522878844765,203,2.1193822213088418
19,packet_loss,B1,42,13883523294833848875,16171406637956408321,100,82,82,0,0,0.81999999999999995,0,0,0,0,145,0,0,0,0,0,0,0,0,0,0,3,4.8906522878844765,203,2.1193822213088418
19,packet_loss,P,42,13883523294833848875,16171406637956408321,100,43,43,0,0,0.42999999999999999,0,129,0,0,145,0,0,0,0,0,0,0,0,0,0,3,4.8906522878844765,203,2.1193822213088418
20,packet_loss,B0,42,5193794695500498632,15512349027025677918,100,97,97,0,0,0.96999999999999997,0,0,0,0,135,0,0,0,0,0,0,0,0,0,0,3,4.6698011834472348,203,2.1193822213088418
20,packet_loss,B1,42,5193794695500498632,15512349027025677918,100,89,89,0,0,0.89000000000000001,0,0,0,0,135,0,0,0,0,0,0,0,0,0,0,3,4.6698011834472348,203,2.1193822213088418
20,packet_loss,P,42,5193794695500498632,15512349027025677918,100,49,49,0,0,0.48999999999999999,0,147,0,0,135,0,0,0,0,0,0,0,0,0,0,3,4.6698011834472348,203,2.1193822213088418
21,packet_loss,B0,42,12200570134785767245,12490028674365163599,100,99,99,0,0,0.98999999999999999,0,0,0,0,140,0,0,0,0,0,0,0,0,0,0,3,5.366372619492072,203,2.1193822213088418
21,packet_loss,B1,42,12200570134785767245,12490028674365163599,100,84,84,0,0,0.83999999999999997,0,0,0,0,140,0,0,0,0,0,0,0,0,0,0,3,5.366372619492072,203,2.1193822213088418
21,packet_loss,P,42,12200570134785767245,12490028674365163599,100,47,47,0,0,0.46999999999999997,0,141,0,0,140,0,0,0,0,0,0,0,0,0,0,3,5.366372619492072,203,2.1193822213088418
22,packet_loss,B0,42,6639034778626213330,14264013916132283324,100,97,97,0,0,0.96999999999999997,0,0,0,0,146,0,0,0,0,0,0,0,0,0,0,3,3.2344187275339005,203,2.1193822213088418
22,packet_loss,B1,42,6639034778626213330,14264013916132283324,100,76,76,0,0,0.76000000000000001,0,0,0,0,146,0,0,0,0,0,0,0,0,0,0,3,3.2344187275339005,203,2.1193822213088418
22,packet_loss,P,42,6639034778626213330,14264013916132283324,100,41,41,0,0,0.40999999999999998,0,123,0,0,146,0,0,0,0,0,0,0,0,0,0,3,3.2344187275339005,203,2.1193822213088418
23,packet_loss,B0,42,5188156410933320695,16566599263710456717,100,98,96,2,0.020408163265306121,0.97999999999999998,0.02,0,0,0,128,0,0,0,0,0,0,0,0,0,0,3,5.1618258393395058,203,2.1193822213088418
23,packet_loss,B1,42,5188156410933320695,16566599263710456717,100,87,87,0,0,0.87,0,0,0,0,128,0,0,0,0,0,0,0,0,0,0,3,5.1618258393395058,203,2.1193822213088418
23,packet_loss,P,42,5188156410933320695,16566599263710456717,100,52,52,0,0,0.52000000000000002,0,156,0,0,128,0,0,0,0,0,0,0,0,0,0,3,5.1618258393395058,203,2.1193822213088418
24,packet_loss,B0,42,6139046086183888228,15829568053673852874,100,96,96,0,0,0.95999999999999996,0,0,0,0,136,0,0,0,0,0,0,0,0,0,0,3,4.8620666514688038,203,2.1193822213088418
24,packet_loss,B1,42,6139046086183888228,15829568053673852874,100,88,88,0,0,0.88,0,0,0,0,136,0,0,0,0,0,0,0,0,0,0,3,4.8620666514688038,203,2.1193822213088418
24,packet_loss,P,42,6139046086183888228,15829568053673852874,100,48,48,0,0,0.47999999999999998,0,144,0,0,136,0,0,0,0,0,0,0,0,0,0,3,4.8620666514688038,203,2.1193822213088418
25,packet_loss,B0,42,14852878865191795913,3677109245912230747,100,97,97,0,0,0.96999999999999997,0,0,0,0,139,0,0,0,0,0,0,0,0,0,0,3,4.7269549070601133,203,2.1193822213088418
25,packet_loss,B1,42,14852878865191795913,3677109245912230747,100,89,89,0,0,0.89000000000000001,0,0,0,0,139,0,0,0,0,0,0,0,0,0,0,3,4.7269549070601133,203,2.1193822213088418
25,packet_loss,P,42,14852878865191795913,3677109245912230747,100,52,52,0,0,0.52000000000000002,0,156,0,0,139,0,0,0,0,0,0,0,0,0,0,3,4.7269549070601133,203,2.1193822213088418
26,packet_loss,B0,42,10759014571150830798,4159949192028452360,100,97,97,0,0,0.96999999999999997,0,0,0,0,142,0,0,0,0,0,0,0,0,0,0,3,4.9112939818163035,203,2.1193822213088418
26,packet_loss,B1,42,10759014571150830798,4159949192028452360,100,88,88,0,0,0.88,0,0,0,0,142,0,0,0,0,0,0,0,0,0,0,3,4.9112939818163035,203,2.1193822213088418
26,packet_loss,P,42,10759014571150830798,4159949192028452360,100,46,46,0,0,0.46000000000000002,0,138,0,0,142,0,0,0,0,0,0,0,0,0,0,3,4.9112939818163035,203,2.1193822213088418
27,packet_loss,B0,42,3714909113697100947,1171064538731279097,100,98,98,0,0,0.97999999999999998,0,0,0,0,131,0,0,0,0,0,0,0,0,0,0,3,5.3893186585236474,203,2.1193822213088418
27,packet_loss,B1,42,3714909113697100947,1171064538731279097,100,89,89,0,0,0.89000000000000001,0,0,0,0,131,0,0,0,0,0,0,0,0,0,0,3,5.3893186585236474,203,2.1193822213088418
27,packet_loss,P,42,3714909113697100947,1171064538731279097,100,50,50,0,0,0.5,0,150,0,0,131,0,0,0,0,0,0,0,0,0,0,3,5.3893186585236474,203,2.1193822213088418
28,packet_loss,B0,42,15638994699027385520,15248549662436272342,100,98,98,0,0,0.97999999999999998,0,0,0,0,136,0,0,0,0,0,0,0,0,0,0,3,4.7588767267276975,203,2.1193822213088418
28,packet_loss,B1,42,15638994699027385520,15248549662436272342,100,92,92,0,0,0.92000000000000004,0,0,0,0,136,0,0,0,0,0,0,0,0,0,0,3,4.7588767267276975,203,2.1193822213088418
28,packet_loss,P,42,15638994699027385520,15248549662436272342,100,55,55,0,0,0.55000000000000004,0,165,0,0,136,0,0,0,0,0,0,0,0,0,0,3,4.7588767267276975,203,2.1193822213088418
29,packet_loss,B0,42,10786533052122665045,12278416006639658855,100,99,99,0,0,0.98999999999999999,0,0,0,0,126,0,0,0,0,0,0,0,0,0,0,3,4.1153496281138144,203,2.1193822213088418
29,packet_loss,B1,42,10786533052122665045,12278416006639658855,100,86,86,0,0,0.85999999999999999,0,0,0,0,126,0,0,0,0,0,0,0,0,0,0,3,4.1153496281138144,203,2.1193822213088418
29,packet_loss,P,42,10786533052122665045,12278416006639658855,100,54,54,0,0,0.54000000000000004,0,162,0,0,126,0,0,0,0,0,0,0,0,0,0,3,4.1153496281138144,203,2.1193822213088418
30,packet_loss,B0,42,17411780308251417786,5616505421803247796,100,99,99,0,0,0.98999999999999999,0,0,0,0,137,0,0,0,0,0,0,0,0,0,0,3,5.1656800282186479,203,2.1193822213088418
30,packet_loss,B1,42,17411780308251417786,5616505421803247796,100,93,93,0,0,0.93000000000000005,0,0,0,0,137,0,0,0,0,0,0,0,0,0,0,3,5.1656800282186479,203,2.1193822213088418
30,packet_loss,P,42,17411780308251417786,5616505421803247796,100,46,46,0,0,0.46000000000000002,0,138,0,0,137,0,0,0,0,0,0,0,0,0,0,3,5.1656800282186479,203,2.1193822213088418
31,packet_loss,B0,42,14960714582419432383,1787246026735420581,100,99,99,0,0,0.98999999999999999,0,0,0,0,146,0,0,0,0,0,0,0,0,0,0,3,3.4409769389809663,203,2.1193822213088418
31,packet_loss,B1,42,14960714582419432383,1787246026735420581,100,86,86,0,0,0.85999999999999999,0,0,0,0,146,0,0,0,0,0,0,0,0,0,0,3,3.4409769389809663,203,2.1193822213088418
31,packet_loss,P,42,14960714582419432383,1787246026735420581,100,46,46,0,0,0.46000000000000002,0,138,0,0,146,0,0,0,0,0,0,0,0,0,0,3,3.4409769389809663,203,2.1193822213088418
32,packet_loss,B0,42,10781159969224193356,1889283500647668706,100,98,98,0,0,0.97999999999999998,0,0,0,0,144,0,0,0,0,0,0,0,0,0,0,3,4.1526348890546512,203,2.1193822213088418
32,packet_loss,B1,42,10781159969224193356,1889283500647668706,100,89,89,0,0,0.89000000000000001,0,0,0,0,144,0,0,0,0,0,0,0,0,0,0,3,4.1526348890546512,203,2.1193822213088418
32,packet_loss,P,42,10781159969224193356,1889283500647668706,100,46,46,0,0,0.46000000000000002,0,138,0,0,144,0,0,0,0,0,0,0,0,0,0,3,4.1526348890546512,203,2.1193822213088418
33,packet_loss,B0,42,11728230447752747985,8164089667089883155,100,100,100,0,0,1,0,0,0,0,129,0,0,0,0,0,0,0,0,0,0,3,4.818343529607314,203,2.1193822213088418
33,packet_loss,B1,42,11728230447752747985,8164089667089883155,100,90,90,0,0,0.90000000000000002,0,0,0,0,129,0,0,0,0,0,0,0,0,0,0,3,4.818343529607314,203,2.1193822213088418
33,packet_loss,P,42,11728230447752747985,8164089667089883155,100,51,51,0,0,0.51000000000000001,0,153,0,0,129,0,0,0,0,0,0,0,0,0,0,3,4.818343529607314,203,2.1193822213088418
34,packet_loss,B0,42,8945314669155935606,4742339047625198560,100,99,99,0,0,0.98999999999999999,0,0,0,0,141,0,0,0,0,0,0,0,0,0,0,3,4.0600262678927095,203,2.1193822213088418
34,packet_loss,B1,42,8945314669155935606,4742339047625198560,100,92,92,0,0,0.92000000000000004,0,0,0,0,141,0,0,0,0,0,0,0,0,0,0,3,4.0600262678927095,203,2.1193822213088418
34,packet_loss,P,42,8945314669155935606,4742339047625198560,100,48,48,0,0,0.47999999999999998,0,144,0,0,141,0,0,0,0,0,0,0,0,0,0,3,4.0600262678927095,203,2.1193822213088418
35,packet_loss,B0,42,227496352486774043,15674092631343238833,100,100,100,0,0,1,0,0,0,0,126,0,0,0,0,0,0,0,0,0,0,3,4.9879747382217685,203,2.1193822213088418
35,packet_loss,B1,42,227496352486774043,15674092631343238833,100,89,89,0,0,0.89000000000000001,0,0,0,0,126,0,0,0,0,0,0,0,0,0,0,3,4.9879747382217685,203,2.1193822213088418
35,packet_loss,P,42,227496352486774043,15674092631343238833,100,55,55,0,0,0.55000000000000004,0,165,0,0,126,0,0,0,0,0,0,0,0,0,0,3,4.9879747382217685,203,2.1193822213088418
36,packet_loss,B0,42,10407102038042272184,17676862605589581070,100,99,99,0,0,0.98999999999999999,0,0,0,0,136,0,0,0,0,0,0,0,0,0,0,3,4.1788288837674132,203,2.1193822213088418
36,packet_loss,B1,42,10407102038042272184,17676862605589581070,100,89,89,0,0,0.89000000000000001,0,0,0,0,136,0,0,0,0,0,0,0,0,0,0,3,4.1788288837674132,203,2.1193822213088418
36,packet_loss,P,42,10407102038042272184,17676862605589581070,100,47,47,0,0,0.46999999999999997,0,141,0,0,136,0,0,0,0,0,0,0,0,0,0,3,4.1788288837674132,203,2.1193822213088418
37,packet_loss,B0,42,4267529692386032381,7110020632405590655,100,99,99,0,0,0.98999999999999999,0,0,0,0,118,0,0,0,0,0,0,0,0,0,0,3,4.6841424101990725,203,2.1193822213088418
37,packet_loss,B1,42,4267529692386032381,7110020632405590655,100,94,94,0,0,0.93999999999999995,0,0,0,0,118,0,0,0,0,0,0,0,0,0,0,3,4.6841424101990725,203,2.1193822213088418
37,packet_loss,P,42,4267529692386032381,7110020632405590655,100,59,59,0,0,0.58999999999999997,0,177,0,0,118,0,0,0,0,0,0,0,0,0,0,3,4.6841424101990725,203,2.1193822213088418
38,packet_loss,B0,42,8494821390787606338,48170580329757740,100,96,96,0,0,0.95999999999999996,0,0,0,0,143,0,0,0,0,0,0,0,0,0,0,3,3.6010471988532613,203,2.1193822213088418
38,packet_loss,B1,42,8494821390787606338,48170580329757740,100,82,82,0,0,0.81999999999999995,0,0,0,0,143,0,0,0,0,0,0,0,0,0,0,3,3.6010471988532613,203,2.1193822213088418
38,packet_loss,P,42,8494821390787606338,48170580329757740,100,49,49,0,0,0.48999999999999999,0,147,0,0,143,0,0,0,0,0,0,0,0,0,0,3,3.6010471988532613,203,2.1193822213088418
39,packet_loss,B0,42,6910402922770238631,13547246215758420733,100,99,99,0,0,0.98999999999999999,0,0,0,0,126,0,0,0,0,0,0,0,0,0,0,3,4.4079831861598171,203,2.1193822213088418
39,packet_loss,B1,42,6910402922770238631,13547246215758420733,100,89,89,0,0,0.89000000000000001,0,0,0,0,126,0,0,0,0,0,0,0,0,0,0,3,4.4079831861598171,203,2.1193822213088418
39,packet_loss,P,42,6910402922770238631,13547246215758420733,100,57,57,0,0,0.56999999999999995,0,171,0,0,126,0,0,0,0,0,0,0,0,0,0,3,4.4079831861598171,203,2.1193822213088418
40,packet_loss,B0,42,4008714893987389780,15918000086326012282,100,100,100,0,0,1,0,0,0,0,135,0,0,0,0,0,0,0,0,0,0,3,3.7878725731458229,203,2.1193822213088418
40,packet_loss,B1,42,4008714893987389780,15918000086326012282,100,91,91,0,0,0.91000000000000003,0,0,0,0,135,0,0,0,0,0,0,0,0,0,0,3,3.7878725731458229,203,2.1193822213088418
40,packet_loss,P,42,4008714893987389780,15918000086326012282,100,48,48,0,0,0.47999999999999998,0,144,0,0,135,0,0,0,0,0,0,0,0,0,0,3,3.7878725731458229,203,2.1193822213088418
41,packet_loss,B0,42,8362665835234397177,7249693332510000459,100,98,97,1,0.01020408163265306,0.97999999999999998,0.01,0,0,0,126,0,0,0,0,0,0,0,0,0,0,3,5.4828107868125722,203,2.1193822213088418
41,packet_loss,B1,42,8362665835234397177,7249693332510000459,100,89,89,0,0,0.89000000000000001,0,0,0,0,126,0,0,0,0,0,0,0,0,0,0,3,5.4828107868125722,203,2.1193822213088418
41,packet_loss,P,42,8362665835234397177,7249693332510000459,100,56,56,0,0,0.56000000000000005,0,168,0,0,126,0,0,0,0,0,0,0,0,0,0,3,5.4828107868125722,203,2.1193822213088418
42,packet_loss,B0,42,3400424375343960062,13934596182478722424,100,99,99,0,0,0.98999999999999999,0,0,0,0,128,0,0,0,0,0,0,0,0,0,0,3,4.1744207017510675,203,2.1193822213088418
42,packet_loss,B1,42,3400424375343960062,13934596182478722424,100,86,86,0,0,0.85999999999999999,0,0,0,0,128,0,0,0,0,0,0,0,0,0,0,3,4.1744207017510675,203,2.1193822213088418
42,packet_loss,P,42,3400424375343960062,13934596182478722424,100,47,47,0,0,0.46999999999999997,0,141,0,0,128,0,0,0,0,0,0,0,0,0,0,3,4.1744207017510675,203,2.1193822213088418
43,packet_loss,B0,42,4619782524672878147,15958134988640489193,100,97,96,1,0.010309278350515464,0.96999999999999997,0.01,0,0,0,134,0,0,0,0,0,0,0,0,0,0,3,4.7536694019119139,203,2.1193822213088418
43,packet_loss,B1,42,4619782524672878147,15958134988640489193,100,82,82,0,0,0.81999999999999995,0,0,0,0,134,0,0,0,0,0,0,0,0,0,0,3,4.7536694019119139,203,2.1193822213088418
43,packet_loss,P,42,4619782524672878147,15958134988640489193,100,48,48,0,0,0.47999999999999998,0,144,0,0,134,0,0,0,0,0,0,0,0,0,0,3,4.7536694019119139,203,2.1193822213088418
44,packet_loss,B0,42,5885750343499270368,10058180038336810182,100,100,100,0,0,1,0,0,0,0,137,0,0,0,0,0,0,0,0,0,0,3,4.7422619277174114,203,2.1193822213088418
44,packet_loss,B1,42,5885750343499270368,10058180038336810182,100,87,87,0,0,0.87,0,0,0,0,137,0,0,0,0,0,0,0,0,0,0,3,4.7422619277174114,203,2.1193822213088418
44,packet_loss,P,42,5885750343499270368,10058180038336810182,100,52,52,0,0,0.52000000000000002,0,156,0,0,137,0,0,0,0,0,0,0,0,0,0,3,4.7422619277174114,203,2.1193822213088418
45,packet_loss,B0,42,12196532709613882821,5395501835882291095,100,98,98,0,0,0.97999999999999998,0,0,0,0,151,0,0,0,0,0,0,0,0,0,0,3,5.3078829276626625,203,2.1193822213088418
45,packet_loss,B1,42,12196532709613882821,5395501835882291095,100,87,87,0,0,0.87,0,0,0,0,151,0,0,0,0,0,0,0,0,0,0,3,5.3078829276626625,203,2.1193822213088418
45,packet_loss,P,42,12196532709613882821,5395501835882291095,100,44,44,0,0,0.44,0,132,0,0,151,0,0,0,0,0,0,0,0,0,0,3,5.3078829276626625,203,2.1193822213088418
46,packet_loss,B0,42,3734636061985099818,15490747244023488164,100,100,97,3,0.029999999999999999,1,0.029999999999999999,0,0,0,148,0,0,0,0,0,0,0,0,0,0,3,5.0767959849945239,203,2.1193822213088418
46,packet_loss,B1,42,3734636061985099818,15490747244023488164,100,83,83,0,0,0.82999999999999996,0,0,0,0,148,0,0,0,0,0,0,0,0,0,0,3,5.0767959849945239,203,2.1193822213088418
46,packet_loss,P,42,3734636061985099818,15490747244023488164,100,38,38,0,0,0.38,0,114,0,0,148,0,0,0,0,0,0,0,0,0,0,3,5.0767959849945239,203,2.1193822213088418
47,packet_loss,B0,42,12467931653091690479,1711376011903011541,100,93,93,0,0,0.93000000000000005,0,0,0,0,147,0,0,0,0,0,0,0,0,0,0,3,3.0094529565393615,203,2.1193822213088418
47,packet_loss,B1,42,12467931653091690479,1711376011903011541,100,79,79,0,0,0.79000000000000004,0,0,0,0,147,0,0,0,0,0,0,0,0,0,0,3,3.0094529565393615,203,2.1193822213088418
47,packet_loss,P,42,12467931653091690479,1711376011903011541,100,40,40,0,0,0.40000000000000002,0,120,0,0,147,0,0,0,0,0,0,0,0,0,0,3,3.0094529565393615,203,2.1193822213088418
48,packet_loss,B0,42,8904377412729884668,6088926327081504402,100,98,96,2,0.020408163265306121,0.97999999999999998,0.02,0,0,0,138,0,0,0,0,0,0,0,0,0,0,3,5.3519620018527609,203,2.1193822213088418
48,packet_loss,B1,42,8904377412729884668,6088926327081504402,100,81,81,0,0,0.81000000000000005,0,0,0,0,138,0,0,0,0,0,0,0,0,0,0,3,5.3519620018527609,203,2.1193822213088418
48,packet_loss,P,42,8904377412729884668,6088926327081504402,100,38,38,0,0,0.38,0,114,0,0,138,0,0,0,0,0,0,0,0,0,0,3,5.3519620018527609,203,2.1193822213088418
49,packet_loss,B0,42,17446664036809962113,2339116872339394947,100,99,99,0,0,0.98999999999999999,0,0,0,0,133,0,0,0,0,0,0,0,0,0,0,3,4.5283760689613199,203,2.1193822213088418
49,packet_loss,B1,42,17446664036809962113,2339116872339394947,100,89,89,0,0,0.89000000000000001,0,0,0,0,133,0,0,0,0,0,0,0,0,0,0,3,4.5283760689613199,203,2.1193822213088418
49,packet_loss,P,42,17446664036809962113,2339116872339394947,100,50,50,0,0,0.5,0,150,0,0,133,0,0,0,0,0,0,0,0,0,0,3,4.5283760689613199,203,2.1193822213088418
0,clock_offset_drift,B0,42,16810207103304354796,1250489990211273274,100,100,100,0,0,1,0,0,0,0,0,0,0,0,0,0,0,0,0,0,300,15,2.7158908056633426,0,0
0,clock_offset_drift,B1,42,16810207103304354796,1250489990211273274,100,99,99,0,0,0.98999999999999999,0,0,0,0,0,0,0,0,0,0,0,0,0,0,300,15,2.7158908056633426,0,0
0,clock_offset_drift,P,42,16810207103304354796,1250489990211273274,100,0,0,0,0,0,0,0,0,0,0,0,0,0,0,0,0,0,0,0,300,15,2.7158908056633426,0,0
1,clock_offset_drift,B0,42,4668941500697059185,13228873806232140391,100,100,100,0,0,1,0,0,0,0,0,0,0,0,0,0,0,0,0,0,300,15,4.8278059529620485,0,0
1,clock_offset_drift,B1,42,4668941500697059185,13228873806232140391,100,99,99,0,0,0.98999999999999999,0,0,0,0,0,0,0,0,0,0,0,0,0,0,300,15,4.8278059529620485,0,0
1,clock_offset_drift,P,42,4668941500697059185,13228873806232140391,100,0,0,0,0,0,0,0,0,0,0,0,0,0,0,0,0,0,0,0,300,15,4.8278059529620485,0,0
2,clock_offset_drift,B0,42,16320440670712453270,16429093573114478912,100,100,100,0,0,1,0,0,0,0,0,0,0,0,0,0,0,0,0,0,300,15,4.2326149242817177,0,0
2,clock_offset_drift,B1,42,16320440670712453270,16429093573114478912,100,99,99,0,0,0.98999999999999999,0,0,0,0,0,0,0,0,0,0,0,0,0,0,300,15,4.2326149242817177,0,0
2,clock_offset_drift,P,42,16320440670712453270,16429093573114478912,100,0,0,0,0,0,0,0,0,0,0,0,0,0,0,0,0,0,0,0,300,15,4.2326149242817177,0,0
3,clock_offset_drift,B0,42,11593834175221393723,3682949157247340269,100,100,100,0,0,1,0,0,0,0,0,0,0,0,0,0,0,0,0,0,300,15,5.3992324948954025,0,0
3,clock_offset_drift,B1,42,11593834175221393723,3682949157247340269,100,99,99,0,0,0.98999999999999999,0,0,0,0,0,0,0,0,0,0,0,0,0,0,300,15,5.3992324948954025,0,0
3,clock_offset_drift,P,42,11593834175221393723,3682949157247340269,100,0,0,0,0,0,0,0,0,0,0,0,0,0,0,0,0,0,0,0,300,15,5.3992324948954025,0,0
4,clock_offset_drift,B0,42,3347813090986583384,16253432973273236574,100,100,100,0,0,1,0,0,0,0,0,0,0,0,0,0,0,0,0,0,300,15,4.6626369101779854,0,0
4,clock_offset_drift,B1,42,3347813090986583384,16253432973273236574,100,99,99,0,0,0.98999999999999999,0,0,0,0,0,0,0,0,0,0,0,0,0,0,300,15,4.6626369101779854,0,0
4,clock_offset_drift,P,42,3347813090986583384,16253432973273236574,100,0,0,0,0,0,0,0,0,0,0,0,0,0,0,0,0,0,0,0,300,15,4.6626369101779854,0,0
5,clock_offset_drift,B0,42,16534674281161132573,7697605545053636603,100,100,100,0,0,1,0,0,0,0,0,0,0,0,0,0,0,0,0,0,300,15,5.156626808531998,0,0
5,clock_offset_drift,B1,42,16534674281161132573,7697605545053636603,100,99,99,0,0,0.98999999999999999,0,0,0,0,0,0,0,0,0,0,0,0,0,0,300,15,5.156626808531998,0,0
5,clock_offset_drift,P,42,16534674281161132573,7697605545053636603,100,0,0,0,0,0,0,0,0,0,0,0,0,0,0,0,0,0,0,0,300,15,5.156626808531998,0,0
6,clock_offset_drift,B0,42,1869434951182979682,5652591287932502244,100,100,100,0,0,1,0,0,0,0,0,0,0,0,0,0,0,0,0,0,300,15,5.2437020890048096,0,0
6,clock_offset_drift,B1,42,1869434951182979682,5652591287932502244,100,99,99,0,0,0.98999999999999999,0,0,0,0,0,0,0,0,0,0,0,0,0,0,300,15,5.2437020890048096,0,0
6,clock_offset_drift,P,42,1869434951182979682,5652591287932502244,100,0,0,0,0,0,0,0,0,0,0,0,0,0,0,0,0,0,0,0,300,15,5.2437020890048096,0,0
7,clock_offset_drift,B0,42,15165218386447993671,7787160004539185441,100,100,100,0,0,1,0,0,0,0,0,0,0,0,0,0,0,0,0,0,300,15,4.6047102611126309,0,0
7,clock_offset_drift,B1,42,15165218386447993671,7787160004539185441,100,99,99,0,0,0.98999999999999999,0,0,0,0,0,0,0,0,0,0,0,0,0,0,300,15,4.6047102611126309,0,0
7,clock_offset_drift,P,42,15165218386447993671,7787160004539185441,100,0,0,0,0,0,0,0,0,0,0,0,0,0,0,0,0,0,0,0,300,15,4.6047102611126309,0,0
8,clock_offset_drift,B0,42,925738743642114676,4209142133180034914,100,100,100,0,0,1,0,0,0,0,0,0,0,0,0,0,0,0,0,0,300,15,4.2251645968200817,0,0
8,clock_offset_drift,B1,42,925738743642114676,4209142133180034914,100,99,99,0,0,0.98999999999999999,0,0,0,0,0,0,0,0,0,0,0,0,0,0,300,15,4.2251645968200817,0,0
8,clock_offset_drift,P,42,925738743642114676,4209142133180034914,100,0,0,0,0,0,0,0,0,0,0,0,0,0,0,0,0,0,0,0,300,15,4.2251645968200817,0,0
9,clock_offset_drift,B0,42,18424644545096847385,5064934973189103215,100,100,100,0,0,1,0,0,0,0,0,0,0,0,0,0,0,0,0,0,300,15,5.021949768325805,0,0
9,clock_offset_drift,B1,42,18424644545096847385,5064934973189103215,100,99,99,0,0,0.98999999999999999,0,0,0,0,0,0,0,0,0,0,0,0,0,0,300,15,5.021949768325805,0,0
9,clock_offset_drift,P,42,18424644545096847385,5064934973189103215,100,0,0,0,0,0,0,0,0,0,0,0,0,0,0,0,0,0,0,0,300,15,5.021949768325805,0,0
10,clock_offset_drift,B0,42,1197137687119922334,3373115192062260104,100,100,100,0,0,1,0,0,0,0,0,0,0,0,0,0,0,0,0,0,300,15,5.3857819261717248,0,0
10,clock_offset_drift,B1,42,1197137687119922334,3373115192062260104,100,99,99,0,0,0.98999999999999999,0,0,0,0,0,0,0,0,0,0,0,0,0,0,300,15,5.3857819261717248,0,0
10,clock_offset_drift,P,42,1197137687119922334,3373115192062260104,100,0,0,0,0,0,0,0,0,0,0,0,0,0,0,0,0,0,0,0,300,15,5.3857819261717248,0,0
11,clock_offset_drift,B0,42,12889497012818321507,8985726066367255765,100,100,100,0,0,1,0,0,0,0,0,0,0,0,0,0,0,0,0,0,300,15,4.3663996907055758,0,0
11,clock_offset_drift,B1,42,12889497012818321507,8985726066367255765,100,99,99,0,0,0.98999999999999999,0,0,0,0,0,0,0,0,0,0,0,0,0,0,300,15,4.3663996907055758,0,0
11,clock_offset_drift,P,42,12889497012818321507,8985726066367255765,100,0,0,0,0,0,0,0,0,0,0,0,0,0,0,0,0,0,0,0,300,15,4.3663996907055758,0,0
12,clock_offset_drift,B0,42,564723016766813184,6800159873892661574,100,100,100,0,0,1,0,0,0,0,0,0,0,0,0,0,0,0,0,0,300,15,2.9113974897065553,0,0
12,clock_offset_drift,B1,42,564723016766813184,6800159873892661574,100,99,99,0,0,0.98999999999999999,0,0,0,0,0,0,0,0,0,0,0,0,0,0,300,15,2.9113974897065553,0,0
12,clock_offset_drift,P,42,564723016766813184,6800159873892661574,100,0,0,0,0,0,0,0,0,0,0,0,0,0,0,0,0,0,0,0,300,15,2.9113974897065553,0,0
13,clock_offset_drift,B0,42,1139813661928537189,6780751184121790371,100,100,100,0,0,1,0,0,0,0,0,0,0,0,0,0,0,0,0,0,300,15,5.2881318784673308,0,0
13,clock_offset_drift,B1,42,1139813661928537189,6780751184121790371,100,99,99,0,0,0.98999999999999999,0,0,0,0,0,0,0,0,0,0,0,0,0,0,300,15,5.2881318784673308,0,0
13,clock_offset_drift,P,42,1139813661928537189,6780751184121790371,100,0,0,0,0,0,0,0,0,0,0,0,0,0,0,0,0,0,0,0,300,15,5.2881318784673308,0,0
14,clock_offset_drift,B0,42,11109762063541617482,14498325650055558188,100,100,100,0,0,1,0,0,0,0,0,0,0,0,0,0,0,0,0,0,300,15,4.5389053293675046,0,0
14,clock_offset_drift,B1,42,11109762063541617482,14498325650055558188,100,99,99,0,0,0.98999999999999999,0,0,0,0,0,0,0,0,0,0,0,0,0,0,300,15,4.5389053293675046,0,0
14,clock_offset_drift,P,42,11109762063541617482,14498325650055558188,100,0,0,0,0,0,0,0,0,0,0,0,0,0,0,0,0,0,0,0,300,15,4.5389053293675046,0,0
15,clock_offset_drift,B0,42,13619859224420957711,5751085452140114345,100,100,100,0,0,1,0,0,0,0,0,0,0,0,0,0,0,0,0,0,300,15,5.4567472568148894,0,0
15,clock_offset_drift,B1,42,13619859224420957711,5751085452140114345,100,99,99,0,0,0.98999999999999999,0,0,0,0,0,0,0,0,0,0,0,0,0,0,300,15,5.4567472568148894,0,0
15,clock_offset_drift,P,42,13619859224420957711,5751085452140114345,100,0,0,0,0,0,0,0,0,0,0,0,0,0,0,0,0,0,0,0,300,15,5.4567472568148894,0,0
16,clock_offset_drift,B0,42,17159192876407639708,13891716989896360714,100,100,100,0,0,1,0,0,0,0,0,0,0,0,0,0,0,0,0,0,300,15,3.5751401130886258,0,0
16,clock_offset_drift,B1,42,17159192876407639708,13891716989896360714,100,99,99,0,0,0.98999999999999999,0,0,0,0,0,0,0,0,0,0,0,0,0,0,300,15,3.5751401130886258,0,0
16,clock_offset_drift,P,42,17159192876407639708,13891716989896360714,100,0,0,0,0,0,0,0,0,0,0,0,0,0,0,0,0,0,0,0,300,15,3.5751401130886258,0,0
17,clock_offset_drift,B0,42,16123066810707161761,13222877476981919991,100,100,100,0,0,1,0,0,0,0,0,0,0,0,0,0,0,0,0,0,300,15,4.439289413039746,0,0
17,clock_offset_drift,B1,42,16123066810707161761,13222877476981919991,100,99,99,0,0,0.98999999999999999,0,0,0,0,0,0,0,0,0,0,0,0,0,0,300,15,4.439289413039746,0,0
17,clock_offset_drift,P,42,16123066810707161761,13222877476981919991,100,0,0,0,0,0,0,0,0,0,0,0,0,0,0,0,0,0,0,0,300,15,4.439289413039746,0,0
18,clock_offset_drift,B0,42,17255731612241714630,5160685532293119696,100,100,100,0,0,1,0,0,0,0,0,0,0,0,0,0,0,0,0,0,300,15,5.0749059806430497,0,0
18,clock_offset_drift,B1,42,17255731612241714630,5160685532293119696,100,99,99,0,0,0.98999999999999999,0,0,0,0,0,0,0,0,0,0,0,0,0,0,300,15,5.0749059806430497,0,0
18,clock_offset_drift,P,42,17255731612241714630,5160685532293119696,100,0,0,0,0,0,0,0,0,0,0,0,0,0,0,0,0,0,0,0,300,15,5.0749059806430497,0,0
19,clock_offset_drift,B0,42,13883523294833848875,3077569699123735485,100,100,100,0,0,1,0,0,0,0,0,0,0,0,0,0,0,0,0,0,300,15,4.8906522878844765,0,0
19,clock_offset_drift,B1,42,13883523294833848875,3077569699123735485,100,99,99,0,0,0.98999999999999999,0,0,0,0,0,0,0,0,0,0,0,0,0,0,300,15,4.8906522878844765,0,0
19,clock_offset_drift,P,42,13883523294833848875,3077569699123735485,100,0,0,0,0,0,0,0,0,0,0,0,0,0,0,0,0,0,0,0,300,15,4.8906522878844765,0,0
20,clock_offset_drift,B0,42,5193794695500498632,4363666685480089070,100,100,100,0,0,1,0,0,0,0,0,0,0,0,0,0,0,0,0,0,300,15,4.6698011834472348,0,0
20,clock_offset_drift,B1,42,5193794695500498632,4363666685480089070,100,99,99,0,0,0.98999999999999999,0,0,0,0,0,0,0,0,0,0,0,0,0,0,300,15,4.6698011834472348,0,0
20,clock_offset_drift,P,42,5193794695500498632,4363666685480089070,100,0,0,0,0,0,0,0,0,0,0,0,0,0,0,0,0,0,0,0,300,15,4.6698011834472348,0,0
21,clock_offset_drift,B0,42,12200570134785767245,4547201461901112075,100,100,100,0,0,1,0,0,0,0,0,0,0,0,0,0,0,0,0,0,300,15,5.366372619492072,0,0
21,clock_offset_drift,B1,42,12200570134785767245,4547201461901112075,100,99,99,0,0,0.98999999999999999,0,0,0,0,0,0,0,0,0,0,0,0,0,0,300,15,5.366372619492072,0,0
21,clock_offset_drift,P,42,12200570134785767245,4547201461901112075,100,0,0,0,0,0,0,0,0,0,0,0,0,0,0,0,0,0,0,0,300,15,5.366372619492072,0,0
22,clock_offset_drift,B0,42,6639034778626213330,17943036512109600756,100,100,100,0,0,1,0,0,0,0,0,0,0,0,0,0,0,0,0,0,300,15,3.2344187275339005,0,0
22,clock_offset_drift,B1,42,6639034778626213330,17943036512109600756,100,99,99,0,0,0.98999999999999999,0,0,0,0,0,0,0,0,0,0,0,0,0,0,300,15,3.2344187275339005,0,0
22,clock_offset_drift,P,42,6639034778626213330,17943036512109600756,100,0,0,0,0,0,0,0,0,0,0,0,0,0,0,0,0,0,0,0,300,15,3.2344187275339005,0,0
23,clock_offset_drift,B0,42,5188156410933320695,2652083182977526897,100,100,100,0,0,1,0,0,0,0,0,0,0,0,0,0,0,0,0,0,300,15,5.1618258393395058,0,0
23,clock_offset_drift,B1,42,5188156410933320695,2652083182977526897,100,99,99,0,0,0.98999999999999999,0,0,0,0,0,0,0,0,0,0,0,0,0,0,300,15,5.1618258393395058,0,0
23,clock_offset_drift,P,42,5188156410933320695,2652083182977526897,100,0,0,0,0,0,0,0,0,0,0,0,0,0,0,0,0,0,0,0,300,15,5.1618258393395058,0,0
24,clock_offset_drift,B0,42,6139046086183888228,8530534379592510322,100,100,100,0,0,1,0,0,0,0,0,0,0,0,0,0,0,0,0,0,300,15,4.8620666514688038,0,0
24,clock_offset_drift,B1,42,6139046086183888228,8530534379592510322,100,99,99,0,0,0.98999999999999999,0,0,0,0,0,0,0,0,0,0,0,0,0,0,300,15,4.8620666514688038,0,0
24,clock_offset_drift,P,42,6139046086183888228,8530534379592510322,100,0,0,0,0,0,0,0,0,0,0,0,0,0,0,0,0,0,0,0,300,15,4.8620666514688038,0,0
25,clock_offset_drift,B0,42,14852878865191795913,4699826422602991359,100,100,100,0,0,1,0,0,0,0,0,0,0,0,0,0,0,0,0,0,300,15,4.7269549070601133,0,0
25,clock_offset_drift,B1,42,14852878865191795913,4699826422602991359,100,99,99,0,0,0.98999999999999999,0,0,0,0,0,0,0,0,0,0,0,0,0,0,300,15,4.7269549070601133,0,0
25,clock_offset_drift,P,42,14852878865191795913,4699826422602991359,100,0,0,0,0,0,0,0,0,0,0,0,0,0,0,0,0,0,0,0,300,15,4.7269549070601133,0,0
26,clock_offset_drift,B0,42,10759014571150830798,2500397859436683416,100,100,100,0,0,1,0,0,0,0,0,0,0,0,0,0,0,0,0,0,300,15,4.9112939818163035,0,0
26,clock_offset_drift,B1,42,10759014571150830798,2500397859436683416,100,99,99,0,0,0.98999999999999999,0,0,0,0,0,0,0,0,0,0,0,0,0,0,300,15,4.9112939818163035,0,0
26,clock_offset_drift,P,42,10759014571150830798,2500397859436683416,100,0,0,0,0,0,0,0,0,0,0,0,0,0,0,0,0,0,0,0,300,15,4.9112939818163035,0,0
27,clock_offset_drift,B0,42,3714909113697100947,9575518095192856037,100,100,100,0,0,1,0,0,0,0,0,0,0,0,0,0,0,0,0,0,300,15,5.3893186585236474,0,0
27,clock_offset_drift,B1,42,3714909113697100947,9575518095192856037,100,99,99,0,0,0.98999999999999999,0,0,0,0,0,0,0,0,0,0,0,0,0,0,300,15,5.3893186585236474,0,0
27,clock_offset_drift,P,42,3714909113697100947,9575518095192856037,100,0,0,0,0,0,0,0,0,0,0,0,0,0,0,0,0,0,0,0,300,15,5.3893186585236474,0,0
28,clock_offset_drift,B0,42,15638994699027385520,2948732710127645782,100,100,100,0,0,1,0,0,0,0,0,0,0,0,0,0,0,0,0,0,300,15,4.7588767267276975,0,0
28,clock_offset_drift,B1,42,15638994699027385520,2948732710127645782,100,99,99,0,0,0.98999999999999999,0,0,0,0,0,0,0,0,0,0,0,0,0,0,300,15,4.7588767267276975,0,0
28,clock_offset_drift,P,42,15638994699027385520,2948732710127645782,100,0,0,0,0,0,0,0,0,0,0,0,0,0,0,0,0,0,0,0,300,15,4.7588767267276975,0,0
29,clock_offset_drift,B0,42,10786533052122665045,5514547813289493299,100,100,100,0,0,1,0,0,0,0,0,0,0,0,0,0,0,0,0,0,300,15,4.1153496281138144,0,0
29,clock_offset_drift,B1,42,10786533052122665045,5514547813289493299,100,99,99,0,0,0.98999999999999999,0,0,0,0,0,0,0,0,0,0,0,0,0,0,300,15,4.1153496281138144,0,0
29,clock_offset_drift,P,42,10786533052122665045,5514547813289493299,100,0,0,0,0,0,0,0,0,0,0,0,0,0,0,0,0,0,0,0,300,15,4.1153496281138144,0,0
30,clock_offset_drift,B0,42,17411780308251417786,12161843066999314044,100,100,100,0,0,1,0,0,0,0,0,0,0,0,0,0,0,0,0,0,300,15,5.1656800282186479,0,0
30,clock_offset_drift,B1,42,17411780308251417786,12161843066999314044,100,99,99,0,0,0.98999999999999999,0,0,0,0,0,0,0,0,0,0,0,0,0,0,300,15,5.1656800282186479,0,0
30,clock_offset_drift,P,42,17411780308251417786,12161843066999314044,100,0,0,0,0,0,0,0,0,0,0,0,0,0,0,0,0,0,0,0,300,15,5.1656800282186479,0,0
31,clock_offset_drift,B0,42,14960714582419432383,1629742502535344953,100,100,100,0,0,1,0,0,0,0,0,0,0,0,0,0,0,0,0,0,300,15,3.4409769389809663,0,0
31,clock_offset_drift,B1,42,14960714582419432383,1629742502535344953,100,99,99,0,0,0.98999999999999999,0,0,0,0,0,0,0,0,0,0,0,0,0,0,300,15,3.4409769389809663,0,0
31,clock_offset_drift,P,42,14960714582419432383,1629742502535344953,100,0,0,0,0,0,0,0,0,0,0,0,0,0,0,0,0,0,0,0,300,15,3.4409769389809663,0,0
32,clock_offset_drift,B0,42,10781159969224193356,8146056442396423962,100,100,100,0,0,1,0,0,0,0,0,0,0,0,0,0,0,0,0,0,300,15,4.1526348890546512,0,0
32,clock_offset_drift,B1,42,10781159969224193356,8146056442396423962,100,99,99,0,0,0.98999999999999999,0,0,0,0,0,0,0,0,0,0,0,0,0,0,300,15,4.1526348890546512,0,0
32,clock_offset_drift,P,42,10781159969224193356,8146056442396423962,100,0,0,0,0,0,0,0,0,0,0,0,0,0,0,0,0,0,0,0,300,15,4.1526348890546512,0,0
33,clock_offset_drift,B0,42,11728230447752747985,9058281620723566791,100,100,100,0,0,1,0,0,0,0,0,0,0,0,0,0,0,0,0,0,300,15,4.818343529607314,0,0
33,clock_offset_drift,B1,42,11728230447752747985,9058281620723566791,100,99,99,0,0,0.98999999999999999,0,0,0,0,0,0,0,0,0,0,0,0,0,0,300,15,4.818343529607314,0,0
33,clock_offset_drift,P,42,11728230447752747985,9058281620723566791,100,0,0,0,0,0,0,0,0,0,0,0,0,0,0,0,0,0,0,0,300,15,4.818343529607314,0,0
34,clock_offset_drift,B0,42,8945314669155935606,7929641991266912928,100,100,100,0,0,1,0,0,0,0,0,0,0,0,0,0,0,0,0,0,300,15,4.0600262678927095,0,0
34,clock_offset_drift,B1,42,8945314669155935606,7929641991266912928,100,99,99,0,0,0.98999999999999999,0,0,0,0,0,0,0,0,0,0,0,0,0,0,300,15,4.0600262678927095,0,0
34,clock_offset_drift,P,42,8945314669155935606,7929641991266912928,100,0,0,0,0,0,0,0,0,0,0,0,0,0,0,0,0,0,0,0,300,15,4.0600262678927095,0,0
35,clock_offset_drift,B0,42,227496352486774043,11387103067579778637,100,100,100,0,0,1,0,0,0,0,0,0,0,0,0,0,0,0,0,0,300,15,4.9879747382217685,0,0
35,clock_offset_drift,B1,42,227496352486774043,11387103067579778637,100,99,99,0,0,0.98999999999999999,0,0,0,0,0,0,0,0,0,0,0,0,0,0,300,15,4.9879747382217685,0,0
35,clock_offset_drift,P,42,227496352486774043,11387103067579778637,100,0,0,0,0,0,0,0,0,0,0,0,0,0,0,0,0,0,0,0,300,15,4.9879747382217685,0,0
36,clock_offset_drift,B0,42,10407102038042272184,8863564896333837886,100,100,100,0,0,1,0,0,0,0,0,0,0,0,0,0,0,0,0,0,300,15,4.1788288837674132,0,0
36,clock_offset_drift,B1,42,10407102038042272184,8863564896333837886,100,99,99,0,0,0.98999999999999999,0,0,0,0,0,0,0,0,0,0,0,0,0,0,300,15,4.1788288837674132,0,0
36,clock_offset_drift,P,42,10407102038042272184,8863564896333837886,100,0,0,0,0,0,0,0,0,0,0,0,0,0,0,0,0,0,0,0,300,15,4.1788288837674132,0,0
37,clock_offset_drift,B0,42,4267529692386032381,1177841769983561563,100,100,100,0,0,1,0,0,0,0,0,0,0,0,0,0,0,0,0,0,300,15,4.6841424101990725,0,0
37,clock_offset_drift,B1,42,4267529692386032381,1177841769983561563,100,99,99,0,0,0.98999999999999999,0,0,0,0,0,0,0,0,0,0,0,0,0,0,300,15,4.6841424101990725,0,0
37,clock_offset_drift,P,42,4267529692386032381,1177841769983561563,100,0,0,0,0,0,0,0,0,0,0,0,0,0,0,0,0,0,0,0,300,15,4.6841424101990725,0,0
38,clock_offset_drift,B0,42,8494821390787606338,10061008531362036548,100,100,100,0,0,1,0,0,0,0,0,0,0,0,0,0,0,0,0,0,300,15,3.6010471988532613,0,0
38,clock_offset_drift,B1,42,8494821390787606338,10061008531362036548,100,99,99,0,0,0.98999999999999999,0,0,0,0,0,0,0,0,0,0,0,0,0,0,300,15,3.6010471988532613,0,0
38,clock_offset_drift,P,42,8494821390787606338,10061008531362036548,100,0,0,0,0,0,0,0,0,0,0,0,0,0,0,0,0,0,0,0,300,15,3.6010471988532613,0,0
39,clock_offset_drift,B0,42,6910402922770238631,30527572290554625,100,100,100,0,0,1,0,0,0,0,0,0,0,0,0,0,0,0,0,0,300,15,4.4079831861598171,0,0
39,clock_offset_drift,B1,42,6910402922770238631,30527572290554625,100,99,99,0,0,0.98999999999999999,0,0,0,0,0,0,0,0,0,0,0,0,0,0,300,15,4.4079831861598171,0,0
39,clock_offset_drift,P,42,6910402922770238631,30527572290554625,100,0,0,0,0,0,0,0,0,0,0,0,0,0,0,0,0,0,0,0,300,15,4.4079831861598171,0,0
40,clock_offset_drift,B0,42,4008714893987389780,10982119129300152130,100,100,100,0,0,1,0,0,0,0,0,0,0,0,0,0,0,0,0,0,300,15,3.7878725731458229,0,0
40,clock_offset_drift,B1,42,4008714893987389780,10982119129300152130,100,99,99,0,0,0.98999999999999999,0,0,0,0,0,0,0,0,0,0,0,0,0,0,300,15,3.7878725731458229,0,0
40,clock_offset_drift,P,42,4008714893987389780,10982119129300152130,100,0,0,0,0,0,0,0,0,0,0,0,0,0,0,0,0,0,0,0,300,15,3.7878725731458229,0,0
41,clock_offset_drift,B0,42,8362665835234397177,201170010590939855,100,100,100,0,0,1,0,0,0,0,0,0,0,0,0,0,0,0,0,0,300,15,5.4828107868125722,0,0
41,clock_offset_drift,B1,42,8362665835234397177,201170010590939855,100,99,99,0,0,0.98999999999999999,0,0,0,0,0,0,0,0,0,0,0,0,0,0,300,15,5.4828107868125722,0,0
41,clock_offset_drift,P,42,8362665835234397177,201170010590939855,100,0,0,0,0,0,0,0,0,0,0,0,0,0,0,0,0,0,0,0,300,15,5.4828107868125722,0,0
42,clock_offset_drift,B0,42,3400424375343960062,10740222921957527144,100,100,100,0,0,1,0,0,0,0,0,0,0,0,0,0,0,0,0,0,300,15,4.1744207017510675,0,0
42,clock_offset_drift,B1,42,3400424375343960062,10740222921957527144,100,99,99,0,0,0.98999999999999999,0,0,0,0,0,0,0,0,0,0,0,0,0,0,300,15,4.1744207017510675,0,0
42,clock_offset_drift,P,42,3400424375343960062,10740222921957527144,100,0,0,0,0,0,0,0,0,0,0,0,0,0,0,0,0,0,0,0,300,15,4.1744207017510675,0,0
43,clock_offset_drift,B0,42,4619782524672878147,2546278718214083253,100,100,100,0,0,1,0,0,0,0,0,0,0,0,0,0,0,0,0,0,300,15,4.7536694019119139,0,0
43,clock_offset_drift,B1,42,4619782524672878147,2546278718214083253,100,99,99,0,0,0.98999999999999999,0,0,0,0,0,0,0,0,0,0,0,0,0,0,300,15,4.7536694019119139,0,0
43,clock_offset_drift,P,42,4619782524672878147,2546278718214083253,100,0,0,0,0,0,0,0,0,0,0,0,0,0,0,0,0,0,0,0,300,15,4.7536694019119139,0,0
44,clock_offset_drift,B0,42,5885750343499270368,5408451093411469862,100,100,100,0,0,1,0,0,0,0,0,0,0,0,0,0,0,0,0,0,300,15,4.7422619277174114,0,0
44,clock_offset_drift,B1,42,5885750343499270368,5408451093411469862,100,99,99,0,0,0.98999999999999999,0,0,0,0,0,0,0,0,0,0,0,0,0,0,300,15,4.7422619277174114,0,0
44,clock_offset_drift,P,42,5885750343499270368,5408451093411469862,100,0,0,0,0,0,0,0,0,0,0,0,0,0,0,0,0,0,0,0,300,15,4.7422619277174114,0,0
45,clock_offset_drift,B0,42,12196532709613882821,13284667788543215875,100,100,100,0,0,1,0,0,0,0,0,0,0,0,0,0,0,0,0,0,300,15,5.3078829276626625,0,0
45,clock_offset_drift,B1,42,12196532709613882821,13284667788543215875,100,99,99,0,0,0.98999999999999999,0,0,0,0,0,0,0,0,0,0,0,0,0,0,300,15,5.3078829276626625,0,0
45,clock_offset_drift,P,42,12196532709613882821,13284667788543215875,100,0,0,0,0,0,0,0,0,0,0,0,0,0,0,0,0,0,0,0,300,15,5.3078829276626625,0,0
46,clock_offset_drift,B0,42,3734636061985099818,12019414927970940300,100,100,100,0,0,1,0,0,0,0,0,0,0,0,0,0,0,0,0,0,300,15,5.0767959849945239,0,0
46,clock_offset_drift,B1,42,3734636061985099818,12019414927970940300,100,99,99,0,0,0.98999999999999999,0,0,0,0,0,0,0,0,0,0,0,0,0,0,300,15,5.0767959849945239,0,0
46,clock_offset_drift,P,42,3734636061985099818,12019414927970940300,100,0,0,0,0,0,0,0,0,0,0,0,0,0,0,0,0,0,0,0,300,15,5.0767959849945239,0,0
47,clock_offset_drift,B0,42,12467931653091690479,12685575925616517257,100,100,100,0,0,1,0,0,0,0,0,0,0,0,0,0,0,0,0,0,300,15,3.0094529565393615,0,0
47,clock_offset_drift,B1,42,12467931653091690479,12685575925616517257,100,99,99,0,0,0.98999999999999999,0,0,0,0,0,0,0,0,0,0,0,0,0,0,300,15,3.0094529565393615,0,0
47,clock_offset_drift,P,42,12467931653091690479,12685575925616517257,100,0,0,0,0,0,0,0,0,0,0,0,0,0,0,0,0,0,0,0,300,15,3.0094529565393615,0,0
48,clock_offset_drift,B0,42,8904377412729884668,5306917183782796650,100,100,100,0,0,1,0,0,0,0,0,0,0,0,0,0,0,0,0,0,300,15,5.3519620018527609,0,0
48,clock_offset_drift,B1,42,8904377412729884668,5306917183782796650,100,99,99,0,0,0.98999999999999999,0,0,0,0,0,0,0,0,0,0,0,0,0,0,300,15,5.3519620018527609,0,0
48,clock_offset_drift,P,42,8904377412729884668,5306917183782796650,100,0,0,0,0,0,0,0,0,0,0,0,0,0,0,0,0,0,0,0,300,15,5.3519620018527609,0,0
49,clock_offset_drift,B0,42,17446664036809962113,2484009107846861271,100,100,100,0,0,1,0,0,0,0,0,0,0,0,0,0,0,0,0,0,300,15,4.5283760689613199,0,0
49,clock_offset_drift,B1,42,17446664036809962113,2484009107846861271,100,99,99,0,0,0.98999999999999999,0,0,0,0,0,0,0,0,0,0,0,0,0,0,300,15,4.5283760689613199,0,0
49,clock_offset_drift,P,42,17446664036809962113,2484009107846861271,100,0,0,0,0,0,0,0,0,0,0,0,0,0,0,0,0,0,0,0,300,15,4.5283760689613199,0,0
0,estimator_degradation,B0,42,16810207103304354796,13721324201175965023,100,100,20,80,0.80000000000000004,1,0.80000000000000004,0,0,0,0,0,0,0,0,0,240,0,0,0,0,3,2.7158908056633426,103,1.0753515704177867
0,estimator_degradation,B1,42,16810207103304354796,13721324201175965023,100,100,20,80,0.80000000000000004,1,0.80000000000000004,0,0,0,0,0,0,0,0,0,240,0,0,0,0,3,2.7158908056633426,103,1.0753515704177867
0,estimator_degradation,P,42,16810207103304354796,13721324201175965023,100,20,20,0,0,0.20000000000000001,0,60,0,0,0,0,0,0,0,0,240,0,0,0,0,3,2.7158908056633426,103,1.0753515704177867
1,estimator_degradation,B0,42,4668941500697059185,8789957303857791310,100,100,20,80,0.80000000000000004,1,0.80000000000000004,0,0,0,0,0,0,0,0,0,240,0,0,0,0,3,4.8278059529620485,103,1.0753515704177867
1,estimator_degradation,B1,42,4668941500697059185,8789957303857791310,100,100,20,80,0.80000000000000004,1,0.80000000000000004,0,0,0,0,0,0,0,0,0,240,0,0,0,0,3,4.8278059529620485,103,1.0753515704177867
1,estimator_degradation,P,42,4668941500697059185,8789957303857791310,100,20,20,0,0,0.20000000000000001,0,60,0,0,0,0,0,0,0,0,240,0,0,0,0,3,4.8278059529620485,103,1.0753515704177867
2,estimator_degradation,B0,42,16320440670712453270,7864491575150248589,100,100,20,80,0.80000000000000004,1,0.80000000000000004,0,0,0,0,0,0,0,0,0,240,0,0,0,0,3,4.2326149242817177,103,1.0753515704177867
2,estimator_degradation,B1,42,16320440670712453270,7864491575150248589,100,100,20,80,0.80000000000000004,1,0.80000000000000004,0,0,0,0,0,0,0,0,0,240,0,0,0,0,3,4.2326149242817177,103,1.0753515704177867
2,estimator_degradation,P,42,16320440670712453270,7864491575150248589,100,20,20,0,0,0.20000000000000001,0,60,0,0,0,0,0,0,0,0,240,0,0,0,0,3,4.2326149242817177,103,1.0753515704177867
3,estimator_degradation,B0,42,11593834175221393723,18023564209145651164,100,100,20,80,0.80000000000000004,1,0.80000000000000004,0,0,0,0,0,0,0,0,0,240,0,0,0,0,3,5.3992324948954025,103,1.0753515704177867
3,estimator_degradation,B1,42,11593834175221393723,18023564209145651164,100,100,20,80,0.80000000000000004,1,0.80000000000000004,0,0,0,0,0,0,0,0,0,240,0,0,0,0,3,5.3992324948954025,103,1.0753515704177867
3,estimator_degradation,P,42,11593834175221393723,18023564209145651164,100,20,20,0,0,0.20000000000000001,0,60,0,0,0,0,0,0,0,0,240,0,0,0,0,3,5.3992324948954025,103,1.0753515704177867
4,estimator_degradation,B0,42,3347813090986583384,13656652869069369291,100,100,20,80,0.80000000000000004,1,0.80000000000000004,0,0,0,0,0,0,0,0,0,240,0,0,0,0,3,4.6626369101779854,103,1.0753515704177867
4,estimator_degradation,B1,42,3347813090986583384,13656652869069369291,100,100,20,80,0.80000000000000004,1,0.80000000000000004,0,0,0,0,0,0,0,0,0,240,0,0,0,0,3,4.6626369101779854,103,1.0753515704177867
4,estimator_degradation,P,42,3347813090986583384,13656652869069369291,100,20,20,0,0,0.20000000000000001,0,60,0,0,0,0,0,0,0,0,240,0,0,0,0,3,4.6626369101779854,103,1.0753515704177867
5,estimator_degradation,B0,42,16534674281161132573,9520513707075888170,100,100,20,80,0.80000000000000004,1,0.80000000000000004,0,0,0,0,0,0,0,0,0,240,0,0,0,0,3,5.156626808531998,103,1.0753515704177867
5,estimator_degradation,B1,42,16534674281161132573,9520513707075888170,100,100,20,80,0.80000000000000004,1,0.80000000000000004,0,0,0,0,0,0,0,0,0,240,0,0,0,0,3,5.156626808531998,103,1.0753515704177867
5,estimator_degradation,P,42,16534674281161132573,9520513707075888170,100,20,20,0,0,0.20000000000000001,0,60,0,0,0,0,0,0,0,0,240,0,0,0,0,3,5.156626808531998,103,1.0753515704177867
6,estimator_degradation,B0,42,1869434951182979682,15159100864669557721,100,100,20,80,0.80000000000000004,1,0.80000000000000004,0,0,0,0,0,0,0,0,0,240,0,0,0,0,3,5.2437020890048096,103,1.0753515704177867
6,estimator_degradation,B1,42,1869434951182979682,15159100864669557721,100,100,20,80,0.80000000000000004,1,0.80000000000000004,0,0,0,0,0,0,0,0,0,240,0,0,0,0,3,5.2437020890048096,103,1.0753515704177867
6,estimator_degradation,P,42,1869434951182979682,15159100864669557721,100,20,20,0,0,0.20000000000000001,0,60,0,0,0,0,0,0,0,0,240,0,0,0,0,3,5.2437020890048096,103,1.0753515704177867
7,estimator_degradation,B0,42,15165218386447993671,13474596993793815864,100,100,20,80,0.80000000000000004,1,0.80000000000000004,0,0,0,0,0,0,0,0,0,240,0,0,0,0,3,4.6047102611126309,103,1.0753515704177867
7,estimator_degradation,B1,42,15165218386447993671,13474596993793815864,100,100,20,80,0.80000000000000004,1,0.80000000000000004,0,0,0,0,0,0,0,0,0,240,0,0,0,0,3,4.6047102611126309,103,1.0753515704177867
7,estimator_degradation,P,42,15165218386447993671,13474596993793815864,100,20,20,0,0,0.20000000000000001,0,60,0,0,0,0,0,0,0,0,240,0,0,0,0,3,4.6047102611126309,103,1.0753515704177867
8,estimator_degradation,B0,42,925738743642114676,2408678192920421575,100,100,20,80,0.80000000000000004,1,0.80000000000000004,0,0,0,0,0,0,0,0,0,240,0,0,0,0,3,4.2251645968200817,103,1.0753515704177867
8,estimator_degradation,B1,42,925738743642114676,2408678192920421575,100,100,20,80,0.80000000000000004,1,0.80000000000000004,0,0,0,0,0,0,0,0,0,240,0,0,0,0,3,4.2251645968200817,103,1.0753515704177867
8,estimator_degradation,P,42,925738743642114676,2408678192920421575,100,20,20,0,0,0.20000000000000001,0,60,0,0,0,0,0,0,0,0,240,0,0,0,0,3,4.2251645968200817,103,1.0753515704177867
9,estimator_degradation,B0,42,18424644545096847385,16074510571816200918,100,100,20,80,0.80000000000000004,1,0.80000000000000004,0,0,0,0,0,0,0,0,0,240,0,0,0,0,3,5.021949768325805,103,1.0753515704177867
9,estimator_degradation,B1,42,18424644545096847385,16074510571816200918,100,100,20,80,0.80000000000000004,1,0.80000000000000004,0,0,0,0,0,0,0,0,0,240,0,0,0,0,3,5.021949768325805,103,1.0753515704177867
9,estimator_degradation,P,42,18424644545096847385,16074510571816200918,100,20,20,0,0,0.20000000000000001,0,60,0,0,0,0,0,0,0,0,240,0,0,0,0,3,5.021949768325805,103,1.0753515704177867
10,estimator_degradation,B0,42,1197137687119922334,17175049892461044501,100,100,20,80,0.80000000000000004,1,0.80000000000000004,0,0,0,0,0,0,0,0,0,240,0,0,0,0,3,5.3857819261717248,103,1.0753515704177867
10,estimator_degradation,B1,42,1197137687119922334,17175049892461044501,100,100,20,80,0.80000000000000004,1,0.80000000000000004,0,0,0,0,0,0,0,0,0,240,0,0,0,0,3,5.3857819261717248,103,1.0753515704177867
10,estimator_degradation,P,42,1197137687119922334,17175049892461044501,100,20,20,0,0,0.20000000000000001,0,60,0,0,0,0,0,0,0,0,240,0,0,0,0,3,5.3857819261717248,103,1.0753515704177867
11,estimator_degradation,B0,42,12889497012818321507,8183566414953959108,100,100,20,80,0.80000000000000004,1,0.80000000000000004,0,0,0,0,0,0,0,0,0,240,0,0,0,0,3,4.3663996907055758,103,1.0753515704177867
11,estimator_degradation,B1,42,12889497012818321507,8183566414953959108,100,100,20,80,0.80000000000000004,1,0.80000000000000004,0,0,0,0,0,0,0,0,0,240,0,0,0,0,3,4.3663996907055758,103,1.0753515704177867
11,estimator_degradation,P,42,12889497012818321507,8183566414953959108,100,20,20,0,0,0.20000000000000001,0,60,0,0,0,0,0,0,0,0,240,0,0,0,0,3,4.3663996907055758,103,1.0753515704177867
12,estimator_degradation,B0,42,564723016766813184,4595530029048326611,100,100,20,80,0.80000000000000004,1,0.80000000000000004,0,0,0,0,0,0,0,0,0,240,0,0,0,0,3,2.9113974897065553,103,1.0753515704177867
12,estimator_degradation,B1,42,564723016766813184,4595530029048326611,100,100,20,80,0.80000000000000004,1,0.80000000000000004,0,0,0,0,0,0,0,0,0,240,0,0,0,0,3,2.9113974897065553,103,1.0753515704177867
12,estimator_degradation,P,42,564723016766813184,4595530029048326611,100,20,20,0,0,0.20000000000000001,0,60,0,0,0,0,0,0,0,0,240,0,0,0,0,3,2.9113974897065553,103,1.0753515704177867
13,estimator_degradation,B0,42,1139813661928537189,820166099838379378,100,100,20,80,0.80000000000000004,1,0.80000000000000004,0,0,0,0,0,0,0,0,0,240,0,0,0,0,3,5.2881318784673308,103,1.0753515704177867
13,estimator_degradation,B1,42,1139813661928537189,820166099838379378,100,100,20,80,0.80000000000000004,1,0.80000000000000004,0,0,0,0,0,0,0,0,0,240,0,0,0,0,3,5.2881318784673308,103,1.0753515704177867
13,estimator_degradation,P,42,1139813661928537189,820166099838379378,100,20,20,0,0,0.20000000000000001,0,60,0,0,0,0,0,0,0,0,240,0,0,0,0,3,5.2881318784673308,103,1.0753515704177867
14,estimator_degradation,B0,42,11109762063541617482,9899586773789309825,100,100,20,80,0.80000000000000004,1,0.80000000000000004,0,0,0,0,0,0,0,0,0,240,0,0,0,0,3,4.5389053293675046,103,1.0753515704177867
14,estimator_degradation,B1,42,11109762063541617482,9899586773789309825,100,100,20,80,0.80000000000000004,1,0.80000000000000004,0,0,0,0,0,0,0,0,0,240,0,0,0,0,3,4.5389053293675046,103,1.0753515704177867
14,estimator_degradation,P,42,11109762063541617482,9899586773789309825,100,20,20,0,0,0.20000000000000001,0,60,0,0,0,0,0,0,0,0,240,0,0,0,0,3,4.5389053293675046,103,1.0753515704177867
15,estimator_degradation,B0,42,13619859224420957711,795101625525488864,100,100,20,80,0.80000000000000004,1,0.80000000000000004,0,0,0,0,0,0,0,0,0,240,0,0,0,0,3,5.4567472568148894,103,1.0753515704177867
15,estimator_degradation,B1,42,13619859224420957711,795101625525488864,100,100,20,80,0.80000000000000004,1,0.80000000000000004,0,0,0,0,0,0,0,0,0,240,0,0,0,0,3,5.4567472568148894,103,1.0753515704177867
15,estimator_degradation,P,42,13619859224420957711,795101625525488864,100,20,20,0,0,0.20000000000000001,0,60,0,0,0,0,0,0,0,0,240,0,0,0,0,3,5.4567472568148894,103,1.0753515704177867
16,estimator_degradation,B0,42,17159192876407639708,10614467334449838735,100,100,20,80,0.80000000000000004,1,0.80000000000000004,0,0,0,0,0,0,0,0,0,240,0,0,0,0,3,3.5751401130886258,103,1.0753515704177867
16,estimator_degradation,B1,42,17159192876407639708,10614467334449838735,100,100,20,80,0.80000000000000004,1,0.80000000000000004,0,0,0,0,0,0,0,0,0,240,0,0,0,0,3,3.5751401130886258,103,1.0753515704177867
16,estimator_degradation,P,42,17159192876407639708,10614467334449838735,100,20,20,0,0,0.20000000000000001,0,60,0,0,0,0,0,0,0,0,240,0,0,0,0,3,3.5751401130886258,103,1.0753515704177867
17,estimator_degradation,B0,42,16123066810707161761,8595755313100597822,100,100,20,80,0.80000000000000004,1,0.80000000000000004,0,0,0,0,0,0,0,0,0,240,0,0,0,0,3,4.439289413039746,103,1.0753515704177867
17,estimator_degradation,B1,42,16123066810707161761,8595755313100597822,100,100,20,80,0.80000000000000004,1,0.80000000000000004,0,0,0,0,0,0,0,0,0,240,0,0,0,0,3,4.439289413039746,103,1.0753515704177867
17,estimator_degradation,P,42,16123066810707161761,8595755313100597822,100,20,20,0,0,0.20000000000000001,0,60,0,0,0,0,0,0,0,0,240,0,0,0,0,3,4.439289413039746,103,1.0753515704177867
18,estimator_degradation,B0,42,17255731612241714630,1780482652414082877,100,100,20,80,0.80000000000000004,1,0.80000000000000004,0,0,0,0,0,0,0,0,0,240,0,0,0,0,3,5.0749059806430497,103,1.0753515704177867
18,estimator_degradation,B1,42,17255731612241714630,1780482652414082877,100,100,20,80,0.80000000000000004,1,0.80000000000000004,0,0,0,0,0,0,0,0,0,240,0,0,0,0,3,5.0749059806430497,103,1.0753515704177867
18,estimator_degradation,P,42,17255731612241714630,1780482652414082877,100,20,20,0,0,0.20000000000000001,0,60,0,0,0,0,0,0,0,0,240,0,0,0,0,3,5.0749059806430497,103,1.0753515704177867
19,estimator_degradation,B0,42,13883523294833848875,10335835036185450572,100,100,20,80,0.80000000000000004,1,0.80000000000000004,0,0,0,0,0,0,0,0,0,240,0,0,0,0,3,4.8906522878844765,103,1.0753515704177867
19,estimator_degradation,B1,42,13883523294833848875,10335835036185450572,100,100,20,80,0.80000000000000004,1,0.80000000000000004,0,0,0,0,0,0,0,0,0,240,0,0,0,0,3,4.8906522878844765,103,1.0753515704177867
19,estimator_degradation,P,42,13883523294833848875,10335835036185450572,100,20,20,0,0,0.20000000000000001,0,60,0,0,0,0,0,0,0,0,240,0,0,0,0,3,4.8906522878844765,103,1.0753515704177867
20,estimator_degradation,B0,42,5193794695500498632,9237599702413883643,100,100,20,80,0.80000000000000004,1,0.80000000000000004,0,0,0,0,0,0,0,0,0,240,0,0,0,0,3,4.6698011834472348,103,1.0753515704177867
20,estimator_degradation,B1,42,5193794695500498632,9237599702413883643,100,100,20,80,0.80000000000000004,1,0.80000000000000004,0,0,0,0,0,0,0,0,0,240,0,0,0,0,3,4.6698011834472348,103,1.0753515704177867
20,estimator_degradation,P,42,5193794695500498632,9237599702413883643,100,20,20,0,0,0.20000000000000001,0,60,0,0,0,0,0,0,0,0,240,0,0,0,0,3,4.6698011834472348,103,1.0753515704177867
21,estimator_degradation,B0,42,12200570134785767245,4970818712708902234,100,100,20,80,0.80000000000000004,1,0.80000000000000004,0,0,0,0,0,0,0,0,0,240,0,0,0,0,3,5.366372619492072,103,1.0753515704177867
21,estimator_degradation,B1,42,12200570134785767245,4970818712708902234,100,100,20,80,0.80000000000000004,1,0.80000000000000004,0,0,0,0,0,0,0,0,0,240,0,0,0,0,3,5.366372619492072,103,1.0753515704177867
21,estimator_degradation,P,42,12200570134785767245,4970818712708902234,100,20,20,0,0,0.20000000000000001,0,60,0,0,0,0,0,0,0,0,240,0,0,0,0,3,5.366372619492072,103,1.0753515704177867
22,estimator_degradation,B0,42,6639034778626213330,3911846298970570249,100,100,20,80,0.80000000000000004,1,0.80000000000000004,0,0,0,0,0,0,0,0,0,240,0,0,0,0,3,3.2344187275339005,103,1.0753515704177867
22,estimator_degradation,B1,42,6639034778626213330,3911846298970570249,100,100,20,80,0.80000000000000004,1,0.80000000000000004,0,0,0,0,0,0,0,0,0,240,0,0,0,0,3,3.2344187275339005,103,1.0753515704177867
22,estimator_degradation,P,42,6639034778626213330,3911846298970570249,100,20,20,0,0,0.20000000000000001,0,60,0,0,0,0,0,0,0,0,240,0,0,0,0,3,3.2344187275339005,103,1.0753515704177867
23,estimator_degradation,B0,42,5188156410933320695,7526413432166343720,100,100,20,80,0.80000000000000004,1,0.80000000000000004,0,0,0,0,0,0,0,0,0,240,0,0,0,0,3,5.1618258393395058,103,1.0753515704177867
23,estimator_degradation,B1,42,5188156410933320695,7526413432166343720,100,100,20,80,0.80000000000000004,1,0.80000000000000004,0,0,0,0,0,0,0,0,0,240,0,0,0,0,3,5.1618258393395058,103,1.0753515704177867
23,estimator_degradation,P,42,5188156410933320695,7526413432166343720,100,20,20,0,0,0.20000000000000001,0,60,0,0,0,0,0,0,0,0,240,0,0,0,0,3,5.1618258393395058,103,1.0753515704177867
24,estimator_degradation,B0,42,6139046086183888228,7809918373028990071,100,100,20,80,0.80000000000000004,1,0.80000000000000004,0,0,0,0,0,0,0,0,0,240,0,0,0,0,3,4.8620666514688038,103,1.0753515704177867
24,estimator_degradation,B1,42,6139046086183888228,7809918373028990071,100,100,20,80,0.80000000000000004,1,0.80000000000000004,0,0,0,0,0,0,0,0,0,240,0,0,0,0,3,4.8620666514688038,103,1.0753515704177867
24,estimator_degradation,P,42,6139046086183888228,7809918373028990071,100,20,20,0,0,0.20000000000000001,0,60,0,0,0,0,0,0,0,0,240,0,0,0,0,3,4.8620666514688038,103,1.0753515704177867
25,estimator_degradation,B0,42,14852878865191795913,13823171345090985862,100,100,20,80,0.80000000000000004,1,0.80000000000000004,0,0,0,0,0,0,0,0,0,240,0,0,0,0,3,4.7269549070601133,103,1.0753515704177867
25,estimator_degradation,B1,42,14852878865191795913,13823171345090985862,100,100,20,80,0.80000000000000004,1,0.80000000000000004,0,0,0,0,0,0,0,0,0,240,0,0,0,0,3,4.7269549070601133,103,1.0753515704177867
25,estimator_degradation,P,42,14852878865191795913,13823171345090985862,100,20,20,0,0,0.20000000000000001,0,60,0,0,0,0,0,0,0,0,240,0,0,0,0,3,4.7269549070601133,103,1.0753515704177867
26,estimator_degradation,B0,42,10759014571150830798,1573436939929357061,100,100,20,80,0.80000000000000004,1,0.80000000000000004,0,0,0,0,0,0,0,0,0,240,0,0,0,0,3,4.9112939818163035,103,1.0753515704177867
26,estimator_degradation,B1,42,10759014571150830798,1573436939929357061,100,100,20,80,0.80000000000000004,1,0.80000000000000004,0,0,0,0,0,0,0,0,0,240,0,0,0,0,3,4.9112939818163035,103,1.0753515704177867
26,estimator_degradation,P,42,10759014571150830798,1573436939929357061,100,20,20,0,0,0.20000000000000001,0,60,0,0,0,0,0,0,0,0,240,0,0,0,0,3,4.9112939818163035,103,1.0753515704177867
27,estimator_degradation,B0,42,3714909113697100947,10528975095500271028,100,100,20,80,0.80000000000000004,1,0.80000000000000004,0,0,0,0,0,0,0,0,0,240,0,0,0,0,3,5.3893186585236474,103,1.0753515704177867
27,estimator_degradation,B1,42,3714909113697100947,10528975095500271028,100,100,20,80,0.80000000000000004,1,0.80000000000000004,0,0,0,0,0,0,0,0,0,240,0,0,0,0,3,5.3893186585236474,103,1.0753515704177867
27,estimator_degradation,P,42,3714909113697100947,10528975095500271028,100,20,20,0,0,0.20000000000000001,0,60,0,0,0,0,0,0,0,0,240,0,0,0,0,3,5.3893186585236474,103,1.0753515704177867
28,estimator_degradation,B0,42,15638994699027385520,8604196473147019843,100,100,20,80,0.80000000000000004,1,0.80000000000000004,0,0,0,0,0,0,0,0,0,240,0,0,0,0,3,4.7588767267276975,103,1.0753515704177867
28,estimator_degradation,B1,42,15638994699027385520,8604196473147019843,100,100,20,80,0.80000000000000004,1,0.80000000000000004,0,0,0,0,0,0,0,0,0,240,0,0,0,0,3,4.7588767267276975,103,1.0753515704177867
28,estimator_degradation,P,42,15638994699027385520,8604196473147019843,100,20,20,0,0,0.20000000000000001,0,60,0,0,0,0,0,0,0,0,240,0,0,0,0,3,4.7588767267276975,103,1.0753515704177867
29,estimator_degradation,B0,42,10786533052122665045,9541319570935442146,100,100,20,80,0.80000000000000004,1,0.80000000000000004,0,0,0,0,0,0,0,0,0,240,0,0,0,0,3,4.1153496281138144,103,1.0753515704177867
29,estimator_degradation,B1,42,10786533052122665045,9541319570935442146,100,100,20,80,0.80000000000000004,1,0.80000000000000004,0,0,0,0,0,0,0,0,0,240,0,0,0,0,3,4.1153496281138144,103,1.0753515704177867
29,estimator_degradation,P,42,10786533052122665045,9541319570935442146,100,20,20,0,0,0.20000000000000001,0,60,0,0,0,0,0,0,0,0,240,0,0,0,0,3,4.1153496281138144,103,1.0753515704177867
30,estimator_degradation,B0,42,17411780308251417786,2461741884118159025,100,100,20,80,0.80000000000000004,1,0.80000000000000004,0,0,0,0,0,0,0,0,0,240,0,0,0,0,3,5.1656800282186479,103,1.0753515704177867
30,estimator_degradation,B1,42,17411780308251417786,2461741884118159025,100,100,20,80,0.80000000000000004,1,0.80000000000000004,0,0,0,0,0,0,0,0,0,240,0,0,0,0,3,5.1656800282186479,103,1.0753515704177867
30,estimator_degradation,P,42,17411780308251417786,2461741884118159025,100,20,20,0,0,0.20000000000000001,0,60,0,0,0,0,0,0,0,0,240,0,0,0,0,3,5.1656800282186479,103,1.0753515704177867
31,estimator_degradation,B0,42,14960714582419432383,9806589954204424912,100,100,20,80,0.80000000000000004,1,0.80000000000000004,0,0,0,0,0,0,0,0,0,240,0,0,0,0,3,3.4409769389809663,103,1.0753515704177867
31,estimator_degradation,B1,42,14960714582419432383,9806589954204424912,100,100,20,80,0.80000000000000004,1,0.80000000000000004,0,0,0,0,0,0,0,0,0,240,0,0,0,0,3,3.4409769389809663,103,1.0753515704177867
31,estimator_degradation,P,42,14960714582419432383,9806589954204424912,100,20,20,0,0,0.20000000000000001,0,60,0,0,0,0,0,0,0,0,240,0,0,0,0,3,3.4409769389809663,103,1.0753515704177867
32,estimator_degradation,B0,42,10781159969224193356,16448585937828735935,100,100,20,80,0.80000000000000004,1,0.80000000000000004,0,0,0,0,0,0,0,0,0,240,0,0,0,0,3,4.1526348890546512,103,1.0753515704177867
32,estimator_degradation,B1,42,10781159969224193356,16448585937828735935,100,100,20,80,0.80000000000000004,1,0.80000000000000004,0,0,0,0,0,0,0,0,0,240,0,0,0,0,3,4.1526348890546512,103,1.0753515704177867
32,estimator_degradation,P,42,10781159969224193356,16448585937828735935,100,20,20,0,0,0.20000000000000001,0,60,0,0,0,0,0,0,0,0,240,0,0,0,0,3,4.1526348890546512,103,1.0753515704177867
33,estimator_degradation,B0,42,11728230447752747985,8821625372708638126,100,100,20,80,0.80000000000000004,1,0.80000000000000004,0,0,0,0,0,0,0,0,0,240,0,0,0,0,3,4.818343529607314,103,1.0753515704177867
33,estimator_degradation,B1,42,11728230447752747985,8821625372708638126,100,100,20,80,0.80000000000000004,1,0.80000000000000004,0,0,0,0,0,0,0,0,0,240,0,0,0,0,3,4.818343529607314,103,1.0753515704177867
33,estimator_degradation,P,42,11728230447752747985,8821625372708638126,100,20,20,0,0,0.20000000000000001,0,60,0,0,0,0,0,0,0,0,240,0,0,0,0,3,4.818343529607314,103,1.0753515704177867
34,estimator_degradation,B0,42,8945314669155935606,3121261771853095405,100,100,20,80,0.80000000000000004,1,0.80000000000000004,0,0,0,0,0,0,0,0,0,240,0,0,0,0,3,4.0600262678927095,103,1.0753515704177867
34,estimator_degradation,B1,42,8945314669155935606,3121261771853095405,100,100,20,80,0.80000000000000004,1,0.80000000000000004,0,0,0,0,0,0,0,0,0,240,0,0,0,0,3,4.0600262678927095,103,1.0753515704177867
34,estimator_degradation,P,42,8945314669155935606,3121261771853095405,100,20,20,0,0,0.20000000000000001,0,60,0,0,0,0,0,0,0,0,240,0,0,0,0,3,4.0600262678927095,103,1.0753515704177867
35,estimator_degradation,B0,42,227496352486774043,3283300984802315452,100,100,20,80,0.80000000000000004,1,0.80000000000000004,0,0,0,0,0,0,0,0,0,240,0,0,0,0,3,4.9879747382217685,103,1.0753515704177867
35,estimator_degradation,B1,42,227496352486774043,3283300984802315452,100,100,20,80,0.80000000000000004,1,0.80000000000000004,0,0,0,0,0,0,0,0,0,240,0,0,0,0,3,4.9879747382217685,103,1.0753515704177867
35,estimator_degradation,P,42,227496352486774043,3283300984802315452,100,20,20,0,0,0.20000000000000001,0,60,0,0,0,0,0,0,0,0,240,0,0,0,0,3,4.9879747382217685,103,1.0753515704177867
36,estimator_degradation,B0,42,10407102038042272184,15891788858052160683,100,100,20,80,0.80000000000000004,1,0.80000000000000004,0,0,0,0,0,0,0,0,0,240,0,0,0,0,3,4.1788288837674132,103,1.0753515704177867
36,estimator_degradation,B1,42,10407102038042272184,15891788858052160683,100,100,20,80,0.80000000000000004,1,0.80000000000000004,0,0,0,0,0,0,0,0,0,240,0,0,0,0,3,4.1788288837674132,103,1.0753515704177867
36,estimator_degradation,P,42,10407102038042272184,15891788858052160683,100,20,20,0,0,0.20000000000000001,0,60,0,0,0,0,0,0,0,0,240,0,0,0,0,3,4.1788288837674132,103,1.0753515704177867
37,estimator_degradation,B0,42,4267529692386032381,6694702936329311754,100,100,20,80,0.80000000000000004,1,0.80000000000000004,0,0,0,0,0,0,0,0,0,240,0,0,0,0,3,4.6841424101990725,103,1.0753515704177867
37,estimator_degradation,B1,42,4267529692386032381,6694702936329311754,100,100,20,80,0.80000000000000004,1,0.80000000000000004,0,0,0,0,0,0,0,0,0,240,0,0,0,0,3,4.6841424101990725,103,1.0753515704177867
37,estimator_degradation,P,42,4267529692386032381,6694702936329311754,100,20,20,0,0,0.20000000000000001,0,60,0,0,0,0,0,0,0,0,240,0,0,0,0,3,4.6841424101990725,103,1.0753515704177867
38,estimator_degradation,B0,42,8494821390787606338,6541414057794549561,100,100,20,80,0.80000000000000004,1,0.80000000000000004,0,0,0,0,0,0,0,0,0,240,0,0,0,0,3,3.6010471988532613,103,1.0753515704177867
38,estimator_degradation,B1,42,8494821390787606338,6541414057794549561,100,100,20,80,0.80000000000000004,1,0.80000000000000004,0,0,0,0,0,0,0,0,0,240,0,0,0,0,3,3.6010471988532613,103,1.0753515704177867
38,estimator_degradation,P,42,8494821390787606338,6541414057794549561,100,20,20,0,0,0.20000000000000001,0,60,0,0,0,0,0,0,0,0,240,0,0,0,0,3,3.6010471988532613,103,1.0753515704177867
39,estimator_degradation,B0,42,6910402922770238631,1308698056969881496,100,100,20,80,0.80000000000000004,1,0.80000000000000004,0,0,0,0,0,0,0,0,0,240,0,0,0,0,3,4.4079831861598171,103,1.0753515704177867
39,estimator_degradation,B1,42,6910402922770238631,1308698056969881496,100,100,20,80,0.80000000000000004,1,0.80000000000000004,0,0,0,0,0,0,0,0,0,240,0,0,0,0,3,4.4079831861598171,103,1.0753515704177867
39,estimator_degradation,P,42,6910402922770238631,1308698056969881496,100,20,20,0,0,0.20000000000000001,0,60,0,0,0,0,0,0,0,0,240,0,0,0,0,3,4.4079831861598171,103,1.0753515704177867
40,estimator_degradation,B0,42,4008714893987389780,9071007813700882599,100,100,20,80,0.80000000000000004,1,0.80000000000000004,0,0,0,0,0,0,0,0,0,240,0,0,0,0,3,3.7878725731458229,103,1.0753515704177867
40,estimator_degradation,B1,42,4008714893987389780,9071007813700882599,100,100,20,80,0.80000000000000004,1,0.80000000000000004,0,0,0,0,0,0,0,0,0,240,0,0,0,0,3,3.7878725731458229,103,1.0753515704177867
40,estimator_degradation,P,42,4008714893987389780,9071007813700882599,100,20,20,0,0,0.20000000000000001,0,60,0,0,0,0,0,0,0,0,240,0,0,0,0,3,3.7878725731458229,103,1.0753515704177867
41,estimator_degradation,B0,42,8362665835234397177,8116735216864081334,100,100,20,80,0.80000000000000004,1,0.80000000000000004,0,0,0,0,0,0,0,0,0,240,0,0,0,0,3,5.4828107868125722,103,1.0753515704177867
41,estimator_degradation,B1,42,8362665835234397177,8116735216864081334,100,100,20,80,0.80000000000000004,1,0.80000000000000004,0,0,0,0,0,0,0,0,0,240,0,0,0,0,3,5.4828107868125722,103,1.0753515704177867
41,estimator_degradation,P,42,8362665835234397177,8116735216864081334,100,20,20,0,0,0.20000000000000001,0,60,0,0,0,0,0,0,0,0,240,0,0,0,0,3,5.4828107868125722,103,1.0753515704177867
42,estimator_degradation,B0,42,3400424375343960062,6546878637545869685,100,100,20,80,0.80000000000000004,1,0.80000000000000004,0,0,0,0,0,0,0,0,0,240,0,0,0,0,3,4.1744207017510675,103,1.0753515704177867
42,estimator_degradation,B1,42,3400424375343960062,6546878637545869685,100,100,20,80,0.80000000000000004,1,0.80000000000000004,0,0,0,0,0,0,0,0,0,240,0,0,0,0,3,4.1744207017510675,103,1.0753515704177867
42,estimator_degradation,P,42,3400424375343960062,6546878637545869685,100,20,20,0,0,0.20000000000000001,0,60,0,0,0,0,0,0,0,0,240,0,0,0,0,3,4.1744207017510675,103,1.0753515704177867
43,estimator_degradation,B0,42,4619782524672878147,160573410563749540,100,100,20,80,0.80000000000000004,1,0.80000000000000004,0,0,0,0,0,0,0,0,0,240,0,0,0,0,3,4.7536694019119139,103,1.0753515704177867
43,estimator_degradation,B1,42,4619782524672878147,160573410563749540,100,100,20,80,0.80000000000000004,1,0.80000000000000004,0,0,0,0,0,0,0,0,0,240,0,0,0,0,3,4.7536694019119139,103,1.0753515704177867
43,estimator_degradation,P,42,4619782524672878147,160573410563749540,100,20,20,0,0,0.20000000000000001,0,60,0,0,0,0,0,0,0,0,240,0,0,0,0,3,4.7536694019119139,103,1.0753515704177867
44,estimator_degradation,B0,42,5885750343499270368,17848205375652785459,100,100,20,80,0.80000000000000004,1,0.80000000000000004,0,0,0,0,0,0,0,0,0,240,0,0,0,0,3,4.7422619277174114,103,1.0753515704177867
44,estimator_degradation,B1,42,5885750343499270368,17848205375652785459,100,100,20,80,0.80000000000000004,1,0.80000000000000004,0,0,0,0,0,0,0,0,0,240,0,0,0,0,3,4.7422619277174114,103,1.0753515704177867
44,estimator_degradation,P,42,5885750343499270368,17848205375652785459,100,20,20,0,0,0.20000000000000001,0,60,0,0,0,0,0,0,0,0,240,0,0,0,0,3,4.7422619277174114,103,1.0753515704177867
45,estimator_degradation,B0,42,12196532709613882821,584844836856615378,100,100,20,80,0.80000000000000004,1,0.80000000000000004,0,0,0,0,0,0,0,0,0,240,0,0,0,0,3,5.3078829276626625,103,1.0753515704177867
45,estimator_degradation,B1,42,12196532709613882821,584844836856615378,100,100,20,80,0.80000000000000004,1,0.80000000000000004,0,0,0,0,0,0,0,0,0,240,0,0,0,0,3,5.3078829276626625,103,1.0753515704177867
45,estimator_degradation,P,42,12196532709613882821,584844836856615378,100,20,20,0,0,0.20000000000000001,0,60,0,0,0,0,0,0,0,0,240,0,0,0,0,3,5.3078829276626625,103,1.0753515704177867
46,estimator_degradation,B0,42,3734636061985099818,10452461591712010849,100,100,20,80,0.80000000000000004,1,0.80000000000000004,0,0,0,0,0,0,0,0,0,240,0,0,0,0,3,5.0767959849945239,103,1.0753515704177867
46,estimator_degradation,B1,42,3734636061985099818,10452461591712010849,100,100,20,80,0.80000000000000004,1,0.80000000000000004,0,0,0,0,0,0,0,0,0,240,0,0,0,0,3,5.0767959849945239,103,1.0753515704177867
46,estimator_degradation,P,42,3734636061985099818,10452461591712010849,100,20,20,0,0,0.20000000000000001,0,60,0,0,0,0,0,0,0,0,240,0,0,0,0,3,5.0767959849945239,103,1.0753515704177867
47,estimator_degradation,B0,42,12467931653091690479,7917700904449762752,100,100,20,80,0.80000000000000004,1,0.80000000000000004,0,0,0,0,0,0,0,0,0,240,0,0,0,0,3,3.0094529565393615,103,1.0753515704177867
47,estimator_degradation,B1,42,12467931653091690479,7917700904449762752,100,100,20,80,0.80000000000000004,1,0.80000000000000004,0,0,0,0,0,0,0,0,0,240,0,0,0,0,3,3.0094529565393615,103,1.0753515704177867
47,estimator_degradation,P,42,12467931653091690479,7917700904449762752,100,20,20,0,0,0.20000000000000001,0,60,0,0,0,0,0,0,0,0,240,0,0,0,0,3,3.0094529565393615,103,1.0753515704177867
48,estimator_degradation,B0,42,8904377412729884668,9659141701513477743,100,100,20,80,0.80000000000000004,1,0.80000000000000004,0,0,0,0,0,0,0,0,0,240,0,0,0,0,3,5.3519620018527609,103,1.0753515704177867
48,estimator_degradation,B1,42,8904377412729884668,9659141701513477743,100,100,20,80,0.80000000000000004,1,0.80000000000000004,0,0,0,0,0,0,0,0,0,240,0,0,0,0,3,5.3519620018527609,103,1.0753515704177867
48,estimator_degradation,P,42,8904377412729884668,9659141701513477743,100,20,20,0,0,0.20000000000000001,0,60,0,0,0,0,0,0,0,0,240,0,0,0,0,3,5.3519620018527609,103,1.0753515704177867
49,estimator_degradation,B0,42,17446664036809962113,501096602167403678,100,100,20,80,0.80000000000000004,1,0.80000000000000004,0,0,0,0,0,0,0,0,0,240,0,0,0,0,3,4.5283760689613199,103,1.0753515704177867
49,estimator_degradation,B1,42,17446664036809962113,501096602167403678,100,100,20,80,0.80000000000000004,1,0.80000000000000004,0,0,0,0,0,0,0,0,0,240,0,0,0,0,3,4.5283760689613199,103,1.0753515704177867
49,estimator_degradation,P,42,17446664036809962113,501096602167403678,100,20,20,0,0,0.20000000000000001,0,60,0,0,0,0,0,0,0,0,240,0,0,0,0,3,4.5283760689613199,103,1.0753515704177867
0,high_speed_delayed_motion,B0,42,16810207103304354796,4509809566246803414,100,98,98,0,0,0.97999999999999998,0,0,0,300,0,0,0,0,0,0,0,0,0,0,0,3,8.558621384311845,203,2.1193822213088418
0,high_speed_delayed_motion,B1,42,16810207103304354796,4509809566246803414,100,98,98,0,0,0.97999999999999998,0,0,0,300,0,0,0,0,0,0,0,0,0,0,0,3,8.558621384311845,203,2.1193822213088418
0,high_speed_delayed_motion,P,42,16810207103304354796,4509809566246803414,100,98,98,0,0,0.97999999999999998,0,294,0,300,0,0,0,0,0,0,0,0,0,0,0,3,8.558621384311845,203,2.1193822213088418
1,high_speed_delayed_motion,B0,42,4668941500697059185,13151086034473884855,100,98,98,0,0,0.97999999999999998,0,0,0,300,0,0,0,0,0,0,0,0,0,0,0,3,8.558621384311845,203,2.1193822213088418
1,high_speed_delayed_motion,B1,42,4668941500697059185,13151086034473884855,100,98,98,0,0,0.97999999999999998,0,0,0,300,0,0,0,0,0,0,0,0,0,0,0,3,8.558621384311845,203,2.1193822213088418
1,high_speed_delayed_motion,P,42,4668941500697059185,13151086034473884855,100,98,98,0,0,0.97999999999999998,0,294,0,300,0,0,0,0,0,0,0,0,0,0,0,3,8.558621384311845,203,2.1193822213088418
2,high_speed_delayed_motion,B0,42,16320440670712453270,3844270313674499892,100,98,98,0,0,0.97999999999999998,0,0,0,300,0,0,0,0,0,0,0,0,0,0,0,3,8.558621384311845,203,2.1193822213088418
2,high_speed_delayed_motion,B1,42,16320440670712453270,3844270313674499892,100,98,98,0,0,0.97999999999999998,0,0,0,300,0,0,0,0,0,0,0,0,0,0,0,3,8.558621384311845,203,2.1193822213088418
2,high_speed_delayed_motion,P,42,16320440670712453270,3844270313674499892,100,98,98,0,0,0.97999999999999998,0,294,0,300,0,0,0,0,0,0,0,0,0,0,0,3,8.558621384311845,203,2.1193822213088418
3,high_speed_delayed_motion,B0,42,11593834175221393723,6178820259509401525,100,98,98,0,0,0.97999999999999998,0,0,0,300,0,0,0,0,0,0,0,0,0,0,0,3,8.558621384311845,203,2.1193822213088418
3,high_speed_delayed_motion,B1,42,11593834175221393723,6178820259509401525,100,98,98,0,0,0.97999999999999998,0,0,0,300,0,0,0,0,0,0,0,0,0,0,0,3,8.558621384311845,203,2.1193822213088418
3,high_speed_delayed_motion,P,42,11593834175221393723,6178820259509401525,100,98,98,0,0,0.97999999999999998,0,294,0,300,0,0,0,0,0,0,0,0,0,0,0,3,8.558621384311845,203,2.1193822213088418
4,high_speed_delayed_motion,B0,42,3347813090986583384,11866407371498210130,100,98,98,0,0,0.97999999999999998,0,0,0,300,0,0,0,0,0,0,0,0,0,0,0,3,8.558621384311845,203,2.1193822213088418
4,high_speed_delayed_motion,B1,42,3347813090986583384,11866407371498210130,100,98,98,0,0,0.97999999999999998,0,0,0,300,0,0,0,0,0,0,0,0,0,0,0,3,8.558621384311845,203,2.1193822213088418
4,high_speed_delayed_motion,P,42,3347813090986583384,11866407371498210130,100,98,98,0,0,0.97999999999999998,0,294,0,300,0,0,0,0,0,0,0,0,0,0,0,3,8.558621384311845,203,2.1193822213088418
5,high_speed_delayed_motion,B0,42,16534674281161132573,17769237839501071203,100,98,98,0,0,0.97999999999999998,0,0,0,300,0,0,0,0,0,0,0,0,0,0,0,3,8.558621384311845,203,2.1193822213088418
5,high_speed_delayed_motion,B1,42,16534674281161132573,17769237839501071203,100,98,98,0,0,0.97999999999999998,0,0,0,300,0,0,0,0,0,0,0,0,0,0,0,3,8.558621384311845,203,2.1193822213088418
5,high_speed_delayed_motion,P,42,16534674281161132573,17769237839501071203,100,98,98,0,0,0.97999999999999998,0,294,0,300,0,0,0,0,0,0,0,0,0,0,0,3,8.558621384311845,203,2.1193822213088418
6,high_speed_delayed_motion,B0,42,1869434951182979682,9708025449008419952,100,98,98,0,0,0.97999999999999998,0,0,0,300,0,0,0,0,0,0,0,0,0,0,0,3,8.558621384311845,203,2.1193822213088418
6,high_speed_delayed_motion,B1,42,1869434951182979682,9708025449008419952,100,98,98,0,0,0.97999999999999998,0,0,0,300,0,0,0,0,0,0,0,0,0,0,0,3,8.558621384311845,203,2.1193822213088418
6,high_speed_delayed_motion,P,42,1869434951182979682,9708025449008419952,100,98,98,0,0,0.97999999999999998,0,294,0,300,0,0,0,0,0,0,0,0,0,0,0,3,8.558621384311845,203,2.1193822213088418
7,high_speed_delayed_motion,B0,42,15165218386447993671,6843654951759953633,100,98,98,0,0,0.97999999999999998,0,0,0,300,0,0,0,0,0,0,0,0,0,0,0,3,8.558621384311845,203,2.1193822213088418
7,high_speed_delayed_motion,B1,42,15165218386447993671,6843654951759953633,100,98,98,0,0,0.97999999999999998,0,0,0,300,0,0,0,0,0,0,0,0,0,0,0,3,8.558621384311845,203,2.1193822213088418
7,high_speed_delayed_motion,P,42,15165218386447993671,6843654951759953633,100,98,98,0,0,0.97999999999999998,0,294,0,300,0,0,0,0,0,0,0,0,0,0,0,3,8.558621384311845,203,2.1193822213088418
8,high_speed_delayed_motion,B0,42,925738743642114676,14290666865893255806,100,98,98,0,0,0.97999999999999998,0,0,0,300,0,0,0,0,0,0,0,0,0,0,0,3,8.558621384311845,203,2.1193822213088418
8,high_speed_delayed_motion,B1,42,925738743642114676,14290666865893255806,100,98,98,0,0,0.97999999999999998,0,0,0,300,0,0,0,0,0,0,0,0,0,0,0,3,8.558621384311845,203,2.1193822213088418
8,high_speed_delayed_motion,P,42,925738743642114676,14290666865893255806,100,98,98,0,0,0.97999999999999998,0,294,0,300,0,0,0,0,0,0,0,0,0,0,0,3,8.558621384311845,203,2.1193822213088418
9,high_speed_delayed_motion,B0,42,18424644545096847385,5409981390495013823,100,98,98,0,0,0.97999999999999998,0,0,0,300,0,0,0,0,0,0,0,0,0,0,0,3,8.558621384311845,203,2.1193822213088418
9,high_speed_delayed_motion,B1,42,18424644545096847385,5409981390495013823,100,98,98,0,0,0.97999999999999998,0,0,0,300,0,0,0,0,0,0,0,0,0,0,0,3,8.558621384311845,203,2.1193822213088418
9,high_speed_delayed_motion,P,42,18424644545096847385,5409981390495013823,100,98,98,0,0,0.97999999999999998,0,294,0,300,0,0,0,0,0,0,0,0,0,0,0,3,8.558621384311845,203,2.1193822213088418
10,high_speed_delayed_motion,B0,42,1197137687119922334,4770013193573180572,100,98,98,0,0,0.97999999999999998,0,0,0,300,0,0,0,0,0,0,0,0,0,0,0,3,8.558621384311845,203,2.1193822213088418
10,high_speed_delayed_motion,B1,42,1197137687119922334,4770013193573180572,100,98,98,0,0,0.97999999999999998,0,0,0,300,0,0,0,0,0,0,0,0,0,0,0,3,8.558621384311845,203,2.1193822213088418
10,high_speed_delayed_motion,P,42,1197137687119922334,4770013193573180572,100,98,98,0,0,0.97999999999999998,0,294,0,300,0,0,0,0,0,0,0,0,0,0,0,3,8.558621384311845,203,2.1193822213088418
11,high_speed_delayed_motion,B0,42,12889497012818321507,16661493283521115709,100,98,98,0,0,0.97999999999999998,0,0,0,300,0,0,0,0,0,0,0,0,0,0,0,3,8.558621384311845,203,2.1193822213088418
11,high_speed_delayed_motion,B1,42,12889497012818321507,16661493283521115709,100,98,98,0,0,0.97999999999999998,0,0,0,300,0,0,0,0,0,0,0,0,0,0,0,3,8.558621384311845,203,2.1193822213088418
11,high_speed_delayed_motion,P,42,12889497012818321507,16661493283521115709,100,98,98,0,0,0.97999999999999998,0,294,0,300,0,0,0,0,0,0,0,0,0,0,0,3,8.558621384311845,203,2.1193822213088418
12,high_speed_delayed_motion,B0,42,564723016766813184,15025263106344250330,100,98,98,0,0,0.97999999999999998,0,0,0,300,0,0,0,0,0,0,0,0,0,0,0,3,8.558621384311845,203,2.1193822213088418
12,high_speed_delayed_motion,B1,42,564723016766813184,15025263106344250330,100,98,98,0,0,0.97999999999999998,0,0,0,300,0,0,0,0,0,0,0,0,0,0,0,3,8.558621384311845,203,2.1193822213088418
12,high_speed_delayed_motion,P,42,564723016766813184,15025263106344250330,100,98,98,0,0,0.97999999999999998,0,294,0,300,0,0,0,0,0,0,0,0,0,0,0,3,8.558621384311845,203,2.1193822213088418
13,high_speed_delayed_motion,B0,42,1139813661928537189,7301258616220856523,100,98,98,0,0,0.97999999999999998,0,0,0,300,0,0,0,0,0,0,0,0,0,0,0,3,8.558621384311845,203,2.1193822213088418
13,high_speed_delayed_motion,B1,42,1139813661928537189,7301258616220856523,100,98,98,0,0,0.97999999999999998,0,0,0,300,0,0,0,0,0,0,0,0,0,0,0,3,8.558621384311845,203,2.1193822213088418
13,high_speed_delayed_motion,P,42,1139813661928537189,7301258616220856523,100,98,98,0,0,0.97999999999999998,0,294,0,300,0,0,0,0,0,0,0,0,0,0,0,3,8.558621384311845,203,2.1193822213088418
14,high_speed_delayed_motion,B0,42,11109762063541617482,5484768924212005368,100,98,98,0,0,0.97999999999999998,0,0,0,300,0,0,0,0,0,0,0,0,0,0,0,3,8.558621384311845,203,2.1193822213088418
14,high_speed_delayed_motion,B1,42,11109762063541617482,5484768924212005368,100,98,98,0,0,0.97999999999999998,0,0,0,300,0,0,0,0,0,0,0,0,0,0,0,3,8.558621384311845,203,2.1193822213088418
14,high_speed_delayed_motion,P,42,11109762063541617482,5484768924212005368,100,98,98,0,0,0.97999999999999998,0,294,0,300,0,0,0,0,0,0,0,0,0,0,0,3,8.558621384311845,203,2.1193822213088418
15,high_speed_delayed_motion,B0,42,13619859224420957711,5506200822088781193,100,98,98,0,0,0.97999999999999998,0,0,0,300,0,0,0,0,0,0,0,0,0,0,0,3,8.558621384311845,203,2.1193822213088418
15,high_speed_delayed_motion,B1,42,13619859224420957711,5506200822088781193,100,98,98,0,0,0.97999999999999998,0,0,0,300,0,0,0,0,0,0,0,0,0,0,0,3,8.558621384311845,203,2.1193822213088418
15,high_speed_delayed_motion,P,42,13619859224420957711,5506200822088781193,100,98,98,0,0,0.97999999999999998,0,294,0,300,0,0,0,0,0,0,0,0,0,0,0,3,8.558621384311845,203,2.1193822213088418
16,high_speed_delayed_motion,B0,42,17159192876407639708,8434818117239967814,100,98,98,0,0,0.97999999999999998,0,0,0,300,0,0,0,0,0,0,0,0,0,0,0,3,8.558621384311845,203,2.1193822213088418
16,high_speed_delayed_motion,B1,42,17159192876407639708,8434818117239967814,100,98,98,0,0,0.97999999999999998,0,0,0,300,0,0,0,0,0,0,0,0,0,0,0,3,8.558621384311845,203,2.1193822213088418
16,high_speed_delayed_motion,P,42,17159192876407639708,8434818117239967814,100,98,98,0,0,0.97999999999999998,0,294,0,300,0,0,0,0,0,0,0,0,0,0,0,3,8.558621384311845,203,2.1193822213088418
17,high_speed_delayed_motion,B0,42,16123066810707161761,4945735495456234471,100,98,98,0,0,0.97999999999999998,0,0,0,300,0,0,0,0,0,0,0,0,0,0,0,3,8.558621384311845,203,2.1193822213088418
17,high_speed_delayed_motion,B1,42,16123066810707161761,4945735495456234471,100,98,98,0,0,0.97999999999999998,0,0,0,300,0,0,0,0,0,0,0,0,0,0,0,3,8.558621384311845,203,2.1193822213088418
17,high_speed_delayed_motion,P,42,16123066810707161761,4945735495456234471,100,98,98,0,0,0.97999999999999998,0,294,0,300,0,0,0,0,0,0,0,0,0,0,0,3,8.558621384311845,203,2.1193822213088418
18,high_speed_delayed_motion,B0,42,17255731612241714630,7243205079146809508,100,98,98,0,0,0.97999999999999998,0,0,0,300,0,0,0,0,0,0,0,0,0,0,0,3,8.558621384311845,203,2.1193822213088418
18,high_speed_delayed_motion,B1,42,17255731612241714630,7243205079146809508,100,98,98,0,0,0.97999999999999998,0,0,0,300,0,0,0,0,0,0,0,0,0,0,0,3,8.558621384311845,203,2.1193822213088418
18,high_speed_delayed_motion,P,42,17255731612241714630,7243205079146809508,100,98,98,0,0,0.97999999999999998,0,294,0,300,0,0,0,0,0,0,0,0,0,0,0,3,8.558621384311845,203,2.1193822213088418
19,high_speed_delayed_motion,B0,42,13883523294833848875,10918228536668437157,100,98,98,0,0,0.97999999999999998,0,0,0,300,0,0,0,0,0,0,0,0,0,0,0,3,8.558621384311845,203,2.1193822213088418
19,high_speed_delayed_motion,B1,42,13883523294833848875,10918228536668437157,100,98,98,0,0,0.97999999999999998,0,0,0,300,0,0,0,0,0,0,0,0,0,0,0,3,8.558621384311845,203,2.1193822213088418
19,high_speed_delayed_motion,P,42,13883523294833848875,10918228536668437157,100,98,98,0,0,0.97999999999999998,0,294,0,300,0,0,0,0,0,0,0,0,0,0,0,3,8.558621384311845,203,2.1193822213088418
20,high_speed_delayed_motion,B0,42,5193794695500498632,517943123565463746,100,98,98,0,0,0.97999999999999998,0,0,0,300,0,0,0,0,0,0,0,0,0,0,0,3,8.558621384311845,203,2.1193822213088418
20,high_speed_delayed_motion,B1,42,5193794695500498632,517943123565463746,100,98,98,0,0,0.97999999999999998,0,0,0,300,0,0,0,0,0,0,0,0,0,0,0,3,8.558621384311845,203,2.1193822213088418
20,high_speed_delayed_motion,P,42,5193794695500498632,517943123565463746,100,98,98,0,0,0.97999999999999998,0,294,0,300,0,0,0,0,0,0,0,0,0,0,0,3,8.558621384311845,203,2.1193822213088418
21,high_speed_delayed_motion,B0,42,12200570134785767245,10829488455447041875,100,98,98,0,0,0.97999999999999998,0,0,0,300,0,0,0,0,0,0,0,0,0,0,0,3,8.558621384311845,203,2.1193822213088418
21,high_speed_delayed_motion,B1,42,12200570134785767245,10829488455447041875,100,98,98,0,0,0.97999999999999998,0,0,0,300,0,0,0,0,0,0,0,0,0,0,0,3,8.558621384311845,203,2.1193822213088418
21,high_speed_delayed_motion,P,42,12200570134785767245,10829488455447041875,100,98,98,0,0,0.97999999999999998,0,294,0,300,0,0,0,0,0,0,0,0,0,0,0,3,8.558621384311845,203,2.1193822213088418
22,high_speed_delayed_motion,B0,42,6639034778626213330,14499787939745535712,100,98,98,0,0,0.97999999999999998,0,0,0,300,0,0,0,0,0,0,0,0,0,0,0,3,8.558621384311845,203,2.1193822213088418
22,high_speed_delayed_motion,B1,42,6639034778626213330,14499787939745535712,100,98,98,0,0,0.97999999999999998,0,0,0,300,0,0,0,0,0,0,0,0,0,0,0,3,8.558621384311845,203,2.1193822213088418
22,high_speed_delayed_motion,P,42,6639034778626213330,14499787939745535712,100,98,98,0,0,0.97999999999999998,0,294,0,300,0,0,0,0,0,0,0,0,0,0,0,3,8.558621384311845,203,2.1193822213088418
23,high_speed_delayed_motion,B0,42,5188156410933320695,13709971729811943505,100,98,98,0,0,0.97999999999999998,0,0,0,300,0,0,0,0,0,0,0,0,0,0,0,3,8.558621384311845,203,2.1193822213088418
23,high_speed_delayed_motion,B1,42,5188156410933320695,13709971729811943505,100,98,98,0,0,0.97999999999999998,0,0,0,300,0,0,0,0,0,0,0,0,0,0,0,3,8.558621384311845,203,2.1193822213088418
23,high_speed_delayed_motion,P,42,5188156410933320695,13709971729811943505,100,98,98,0,0,0.97999999999999998,0,294,0,300,0,0,0,0,0,0,0,0,0,0,0,3,8.558621384311845,203,2.1193822213088418
24,high_speed_delayed_motion,B0,42,6139046086183888228,14821834598319429102,100,98,98,0,0,0.97999999999999998,0,0,0,300,0,0,0,0,0,0,0,0,0,0,0,3,8.558621384311845,203,2.1193822213088418
24,high_speed_delayed_motion,B1,42,6139046086183888228,14821834598319429102,100,98,98,0,0,0.97999999999999998,0,0,0,300,0,0,0,0,0,0,0,0,0,0,0,3,8.558621384311845,203,2.1193822213088418
24,high_speed_delayed_motion,P,42,6139046086183888228,14821834598319429102,100,98,98,0,0,0.97999999999999998,0,294,0,300,0,0,0,0,0,0,0,0,0,0,0,3,8.558621384311845,203,2.1193822213088418
25,high_speed_delayed_motion,B0,42,14852878865191795913,13079284116116862767,100,98,98,0,0,0.97999999999999998,0,0,0,300,0,0,0,0,0,0,0,0,0,0,0,3,8.558621384311845,203,2.1193822213088418
25,high_speed_delayed_motion,B1,42,14852878865191795913,13079284116116862767,100,98,98,0,0,0.97999999999999998,0,0,0,300,0,0,0,0,0,0,0,0,0,0,0,3,8.558621384311845,203,2.1193822213088418
25,high_speed_delayed_motion,P,42,14852878865191795913,13079284116116862767,100,98,98,0,0,0.97999999999999998,0,294,0,300,0,0,0,0,0,0,0,0,0,0,0,3,8.558621384311845,203,2.1193822213088418
26,high_speed_delayed_motion,B0,42,10759014571150830798,6415647442824016332,100,98,98,0,0,0.97999999999999998,0,0,0,300,0,0,0,0,0,0,0,0,0,0,0,3,8.558621384311845,203,2.1193822213088418
26,high_speed_delayed_motion,B1,42,10759014571150830798,6415647442824016332,100,98,98,0,0,0.97999999999999998,0,0,0,300,0,0,0,0,0,0,0,0,0,0,0,3,8.558621384311845,203,2.1193822213088418
26,high_speed_delayed_motion,P,42,10759014571150830798,6415647442824016332,100,98,98,0,0,0.97999999999999998,0,294,0,300,0,0,0,0,0,0,0,0,0,0,0,3,8.558621384311845,203,2.1193822213088418
27,high_speed_delayed_motion,B0,42,3714909113697100947,1908608076820683053,100,98,98,0,0,0.97999999999999998,0,0,0,300,0,0,0,0,0,0,0,0,0,0,0,3,8.558621384311845,203,2.1193822213088418
27,high_speed_delayed_motion,B1,42,3714909113697100947,1908608076820683053,100,98,98,0,0,0.97999999999999998,0,0,0,300,0,0,0,0,0,0,0,0,0,0,0,3,8.558621384311845,203,2.1193822213088418
27,high_speed_delayed_motion,P,42,3714909113697100947,1908608076820683053,100,98,98,0,0,0.97999999999999998,0,294,0,300,0,0,0,0,0,0,0,0,0,0,0,3,8.558621384311845,203,2.1193822213088418
28,high_speed_delayed_motion,B0,42,15638994699027385520,7120460598737083978,100,98,98,0,0,0.97999999999999998,0,0,0,300,0,0,0,0,0,0,0,0,0,0,0,3,8.558621384311845,203,2.1193822213088418
28,high_speed_delayed_motion,B1,42,15638994699027385520,7120460598737083978,100,98,98,0,0,0.97999999999999998,0,0,0,300,0,0,0,0,0,0,0,0,0,0,0,3,8.558621384311845,203,2.1193822213088418
28,high_speed_delayed_motion,P,42,15638994699027385520,7120460598737083978,100,98,98,0,0,0.97999999999999998,0,294,0,300,0,0,0,0,0,0,0,0,0,0,0,3,8.558621384311845,203,2.1193822213088418
29,high_speed_delayed_motion,B0,42,10786533052122665045,8340948510502542651,100,98,98,0,0,0.97999999999999998,0,0,0,300,0,0,0,0,0,0,0,0,0,0,0,3,8.558621384311845,203,2.1193822213088418
29,high_speed_delayed_motion,B1,42,10786533052122665045,8340948510502542651,100,98,98,0,0,0.97999999999999998,0,0,0,300,0,0,0,0,0,0,0,0,0,0,0,3,8.558621384311845,203,2.1193822213088418
29,high_speed_delayed_motion,P,42,10786533052122665045,8340948510502542651,100,98,98,0,0,0.97999999999999998,0,294,0,300,0,0,0,0,0,0,0,0,0,0,0,3,8.558621384311845,203,2.1193822213088418
30,high_speed_delayed_motion,B0,42,17411780308251417786,12214731723451938856,100,98,98,0,0,0.97999999999999998,0,0,0,300,0,0,0,0,0,0,0,0,0,0,0,3,8.558621384311845,203,2.1193822213088418
30,high_speed_delayed_motion,B1,42,17411780308251417786,12214731723451938856,100,98,98,0,0,0.97999999999999998,0,0,0,300,0,0,0,0,0,0,0,0,0,0,0,3,8.558621384311845,203,2.1193822213088418
30,high_speed_delayed_motion,P,42,17411780308251417786,12214731723451938856,100,98,98,0,0,0.97999999999999998,0,294,0,300,0,0,0,0,0,0,0,0,0,0,0,3,8.558621384311845,203,2.1193822213088418
31,high_speed_delayed_motion,B0,42,14960714582419432383,5123033966586010425,100,98,98,0,0,0.97999999999999998,0,0,0,300,0,0,0,0,0,0,0,0,0,0,0,3,8.558621384311845,203,2.1193822213088418
31,high_speed_delayed_motion,B1,42,14960714582419432383,5123033966586010425,100,98,98,0,0,0.97999999999999998,0,0,0,300,0,0,0,0,0,0,0,0,0,0,0,3,8.558621384311845,203,2.1193822213088418
31,high_speed_delayed_motion,P,42,14960714582419432383,5123033966586010425,100,98,98,0,0,0.97999999999999998,0,294,0,300,0,0,0,0,0,0,0,0,0,0,0,3,8.558621384311845,203,2.1193822213088418
32,high_speed_delayed_motion,B0,42,10781159969224193356,8629384376342975286,100,98,98,0,0,0.97999999999999998,0,0,0,300,0,0,0,0,0,0,0,0,0,0,0,3,8.558621384311845,203,2.1193822213088418
32,high_speed_delayed_motion,B1,42,10781159969224193356,8629384376342975286,100,98,98,0,0,0.97999999999999998,0,0,0,300,0,0,0,0,0,0,0,0,0,0,0,3,8.558621384311845,203,2.1193822213088418
32,high_speed_delayed_motion,P,42,10781159969224193356,8629384376342975286,100,98,98,0,0,0.97999999999999998,0,294,0,300,0,0,0,0,0,0,0,0,0,0,0,3,8.558621384311845,203,2.1193822213088418
33,high_speed_delayed_motion,B0,42,11728230447752747985,17699637588278244759,100,98,98,0,0,0.97999999999999998,0,0,0,300,0,0,0,0,0,0,0,0,0,0,0,3,8.558621384311845,203,2.1193822213088418
33,high_speed_delayed_motion,B1,42,11728230447752747985,17699637588278244759,100,98,98,0,0,0.97999999999999998,0,0,0,300,0,0,0,0,0,0,0,0,0,0,0,3,8.558621384311845,203,2.1193822213088418
33,high_speed_delayed_motion,P,42,11728230447752747985,17699637588278244759,100,98,98,0,0,0.97999999999999998,0,294,0,300,0,0,0,0,0,0,0,0,0,0,0,3,8.558621384311845,203,2.1193822213088418
34,high_speed_delayed_motion,B0,42,8945314669155935606,16164378059712252180,100,98,98,0,0,0.97999999999999998,0,0,0,300,0,0,0,0,0,0,0,0,0,0,0,3,8.558621384311845,203,2.1193822213088418
34,high_speed_delayed_motion,B1,42,8945314669155935606,16164378059712252180,100,98,98,0,0,0.97999999999999998,0,0,0,300,0,0,0,0,0,0,0,0,0,0,0,3,8.558621384311845,203,2.1193822213088418
34,high_speed_delayed_motion,P,42,8945314669155935606,16164378059712252180,100,98,98,0,0,0.97999999999999998,0,294,0,300,0,0,0,0,0,0,0,0,0,0,0,3,8.558621384311845,203,2.1193822213088418
35,high_speed_delayed_motion,B0,42,227496352486774043,15081621886786263829,100,98,98,0,0,0.97999999999999998,0,0,0,300,0,0,0,0,0,0,0,0,0,0,0,3,8.558621384311845,203,2.1193822213088418
35,high_speed_delayed_motion,B1,42,227496352486774043,15081621886786263829,100,98,98,0,0,0.97999999999999998,0,0,0,300,0,0,0,0,0,0,0,0,0,0,0,3,8.558621384311845,203,2.1193822213088418
35,high_speed_delayed_motion,P,42,227496352486774043,15081621886786263829,100,98,98,0,0,0.97999999999999998,0,294,0,300,0,0,0,0,0,0,0,0,0,0,0,3,8.558621384311845,203,2.1193822213088418
36,high_speed_delayed_motion,B0,42,10407102038042272184,13440764568982759986,100,98,98,0,0,0.97999999999999998,0,0,0,300,0,0,0,0,0,0,0,0,0,0,0,3,8.558621384311845,203,2.1193822213088418
36,high_speed_delayed_motion,B1,42,10407102038042272184,13440764568982759986,100,98,98,0,0,0.97999999999999998,0,0,0,300,0,0,0,0,0,0,0,0,0,0,0,3,8.558621384311845,203,2.1193822213088418
36,high_speed_delayed_motion,P,42,10407102038042272184,13440764568982759986,100,98,98,0,0,0.97999999999999998,0,294,0,300,0,0,0,0,0,0,0,0,0,0,0,3,8.558621384311845,203,2.1193822213088418
37,high_speed_delayed_motion,B0,42,4267529692386032381,15056884716706070595,100,98,98,0,0,0.97999999999999998,0,0,0,300,0,0,0,0,0,0,0,0,0,0,0,3,8.558621384311845,203,2.1193822213088418
37,high_speed_delayed_motion,B1,42,4267529692386032381,15056884716706070595,100,98,98,0,0,0.97999999999999998,0,0,0,300,0,0,0,0,0,0,0,0,0,0,0,3,8.558621384311845,203,2.1193822213088418
37,high_speed_delayed_motion,P,42,4267529692386032381,15056884716706070595,100,98,98,0,0,0.97999999999999998,0,294,0,300,0,0,0,0,0,0,0,0,0,0,0,3,8.558621384311845,203,2.1193822213088418
38,high_speed_delayed_motion,B0,42,8494821390787606338,14591419452403981264,100,98,98,0,0,0.97999999999999998,0,0,0,300,0,0,0,0,0,0,0,0,0,0,0,3,8.558621384311845,203,2.1193822213088418
38,high_speed_delayed_motion,B1,42,8494821390787606338,14591419452403981264,100,98,98,0,0,0.97999999999999998,0,0,0,300,0,0,0,0,0,0,0,0,0,0,0,3,8.558621384311845,203,2.1193822213088418
38,high_speed_delayed_motion,P,42,8494821390787606338,14591419452403981264,100,98,98,0,0,0.97999999999999998,0,294,0,300,0,0,0,0,0,0,0,0,0,0,0,3,8.558621384311845,203,2.1193822213088418
39,high_speed_delayed_motion,B0,42,6910402922770238631,17033702881878735553,100,98,98,0,0,0.97999999999999998,0,0,0,300,0,0,0,0,0,0,0,0,0,0,0,3,8.558621384311845,203,2.1193822213088418
39,high_speed_delayed_motion,B1,42,6910402922770238631,17033702881878735553,100,98,98,0,0,0.97999999999999998,0,0,0,300,0,0,0,0,0,0,0,0,0,0,0,3,8.558621384311845,203,2.1193822213088418
39,high_speed_delayed_motion,P,42,6910402922770238631,17033702881878735553,100,98,98,0,0,0.97999999999999998,0,294,0,300,0,0,0,0,0,0,0,0,0,0,0,3,8.558621384311845,203,2.1193822213088418
40,high_speed_delayed_motion,B0,42,4008714893987389780,4259486933449726430,100,98,98,0,0,0.97999999999999998,0,0,0,300,0,0,0,0,0,0,0,0,0,0,0,3,8.558621384311845,203,2.1193822213088418
40,high_speed_delayed_motion,B1,42,4008714893987389780,4259486933449726430,100,98,98,0,0,0.97999999999999998,0,0,0,300,0,0,0,0,0,0,0,0,0,0,0,3,8.558621384311845,203,2.1193822213088418
40,high_speed_delayed_motion,P,42,4008714893987389780,4259486933449726430,100,98,98,0,0,0.97999999999999998,0,294,0,300,0,0,0,0,0,0,0,0,0,0,0,3,8.558621384311845,203,2.1193822213088418
41,high_speed_delayed_motion,B0,42,8362665835234397177,364121806721984159,100,98,98,0,0,0.97999999999999998,0,0,0,300,0,0,0,0,0,0,0,0,0,0,0,3,8.558621384311845,203,2.1193822213088418
41,high_speed_delayed_motion,B1,42,8362665835234397177,364121806721984159,100,98,98,0,0,0.97999999999999998,0,0,0,300,0,0,0,0,0,0,0,0,0,0,0,3,8.558621384311845,203,2.1193822213088418
41,high_speed_delayed_motion,P,42,8362665835234397177,364121806721984159,100,98,98,0,0,0.97999999999999998,0,294,0,300,0,0,0,0,0,0,0,0,0,0,0,3,8.558621384311845,203,2.1193822213088418
42,high_speed_delayed_motion,B0,42,3400424375343960062,6729321298230403196,100,98,98,0,0,0.97999999999999998,0,0,0,300,0,0,0,0,0,0,0,0,0,0,0,3,8.558621384311845,203,2.1193822213088418
42,high_speed_delayed_motion,B1,42,3400424375343960062,6729321298230403196,100,98,98,0,0,0.97999999999999998,0,0,0,300,0,0,0,0,0,0,0,0,0,0,0,3,8.558621384311845,203,2.1193822213088418
42,high_speed_delayed_motion,P,42,3400424375343960062,6729321298230403196,100,98,98,0,0,0.97999999999999998,0,294,0,300,0,0,0,0,0,0,0,0,0,0,0,3,8.558621384311845,203,2.1193822213088418
43,high_speed_delayed_motion,B0,42,4619782524672878147,10496381633652635165,100,98,98,0,0,0.97999999999999998,0,0,0,300,0,0,0,0,0,0,0,0,0,0,0,3,8.558621384311845,203,2.1193822213088418
43,high_speed_delayed_motion,B1,42,4619782524672878147,10496381633652635165,100,98,98,0,0,0.97999999999999998,0,0,0,300,0,0,0,0,0,0,0,0,0,0,0,3,8.558621384311845,203,2.1193822213088418
43,high_speed_delayed_motion,P,42,4619782524672878147,10496381633652635165,100,98,98,0,0,0.97999999999999998,0,294,0,300,0,0,0,0,0,0,0,0,0,0,0,3,8.558621384311845,203,2.1193822213088418
44,high_speed_delayed_motion,B0,42,5885750343499270368,10842592911320165050,100,98,98,0,0,0.97999999999999998,0,0,0,300,0,0,0,0,0,0,0,0,0,0,0,3,8.558621384311845,203,2.1193822213088418
44,high_speed_delayed_motion,B1,42,5885750343499270368,10842592911320165050,100,98,98,0,0,0.97999999999999998,0,0,0,300,0,0,0,0,0,0,0,0,0,0,0,3,8.558621384311845,203,2.1193822213088418
44,high_speed_delayed_motion,P,42,5885750343499270368,10842592911320165050,100,98,98,0,0,0.97999999999999998,0,294,0,300,0,0,0,0,0,0,0,0,0,0,0,3,8.558621384311845,203,2.1193822213088418
45,high_speed_delayed_motion,B0,42,12196532709613882821,17340400315193301035,100,98,98,0,0,0.97999999999999998,0,0,0,300,0,0,0,0,0,0,0,0,0,0,0,3,8.558621384311845,203,2.1193822213088418
45,high_speed_delayed_motion,B1,42,12196532709613882821,17340400315193301035,100,98,98,0,0,0.97999999999999998,0,0,0,300,0,0,0,0,0,0,0,0,0,0,0,3,8.558621384311845,203,2.1193822213088418
45,high_speed_delayed_motion,P,42,12196532709613882821,17340400315193301035,100,98,98,0,0,0.97999999999999998,0,294,0,300,0,0,0,0,0,0,0,0,0,0,0,3,8.558621384311845,203,2.1193822213088418
46,high_speed_delayed_motion,B0,42,3734636061985099818,15070835911917559640,100,98,98,0,0,0.97999999999999998,0,0,0,300,0,0,0,0,0,0,0,0,0,0,0,3,8.558621384311845,203,2.1193822213088418
46,high_speed_delayed_motion,B1,42,3734636061985099818,15070835911917559640,100,98,98,0,0,0.97999999999999998,0,0,0,300,0,0,0,0,0,0,0,0,0,0,0,3,8.558621384311845,203,2.1193822213088418
46,high_speed_delayed_motion,P,42,3734636061985099818,15070835911917559640,100,98,98,0,0,0.97999999999999998,0,294,0,300,0,0,0,0,0,0,0,0,0,0,0,3,8.558621384311845,203,2.1193822213088418
47,high_speed_delayed_motion,B0,42,12467931653091690479,5214237383569958633,100,98,98,0,0,0.97999999999999998,0,0,0,300,0,0,0,0,0,0,0,0,0,0,0,3,8.558621384311845,203,2.1193822213088418
47,high_speed_delayed_motion,B1,42,12467931653091690479,5214237383569958633,100,98,98,0,0,0.97999999999999998,0,0,0,300,0,0,0,0,0,0,0,0,0,0,0,3,8.558621384311845,203,2.1193822213088418
47,high_speed_delayed_motion,P,42,12467931653091690479,5214237383569958633,100,98,98,0,0,0.97999999999999998,0,294,0,300,0,0,0,0,0,0,0,0,0,0,0,3,8.558621384311845,203,2.1193822213088418
48,high_speed_delayed_motion,B0,42,8904377412729884668,12909214357739350822,100,98,98,0,0,0.97999999999999998,0,0,0,300,0,0,0,0,0,0,0,0,0,0,0,3,8.558621384311845,203,2.1193822213088418
48,high_speed_delayed_motion,B1,42,8904377412729884668,12909214357739350822,100,98,98,0,0,0.97999999999999998,0,0,0,300,0,0,0,0,0,0,0,0,0,0,0,3,8.558621384311845,203,2.1193822213088418
48,high_speed_delayed_motion,P,42,8904377412729884668,12909214357739350822,100,98,98,0,0,0.97999999999999998,0,294,0,300,0,0,0,0,0,0,0,0,0,0,0,3,8.558621384311845,203,2.1193822213088418
49,high_speed_delayed_motion,B0,42,17446664036809962113,551817793022753991,100,98,98,0,0,0.97999999999999998,0,0,0,300,0,0,0,0,0,0,0,0,0,0,0,3,8.558621384311845,203,2.1193822213088418
49,high_speed_delayed_motion,B1,42,17446664036809962113,551817793022753991,100,98,98,0,0,0.97999999999999998,0,0,0,300,0,0,0,0,0,0,0,0,0,0,0,3,8.558621384311845,203,2.1193822213088418
49,high_speed_delayed_motion,P,42,17446664036809962113,551817793022753991,100,98,98,0,0,0.97999999999999998,0,294,0,300,0,0,0,0,0,0,0,0,0,0,0,3,8.558621384311845,203,2.1193822213088418
0,agent_restart_delayed_packets,B0,42,16810207103304354796,17363008013101110460,100,100,97,3,0.029999999999999999,1,0.029999999999999999,0,0,0,0,0,0,1,1,3,0,0,1,1,0,3,2.7158908056633426,103,1.0753515704177867
0,agent_restart_delayed_packets,B1,42,16810207103304354796,17363008013101110460,100,100,97,3,0.029999999999999999,1,0.029999999999999999,0,0,0,0,0,0,1,1,3,0,0,1,1,0,3,2.7158908056633426,103,1.0753515704177867
0,agent_restart_delayed_packets,P,42,16810207103304354796,17363008013101110460,100,95,95,0,0,0.94999999999999996,0,285,0,0,0,0,0,1,1,0,0,0,1,1,0,3,2.7158908056633426,103,1.0753515704177867
1,agent_restart_delayed_packets,B0,42,4668941500697059185,7457583984982427277,100,100,97,3,0.029999999999999999,1,0.029999999999999999,0,0,0,0,0,0,1,1,3,0,0,1,1,0,3,4.8278059529620485,103,1.0753515704177867
1,agent_restart_delayed_packets,B1,42,4668941500697059185,7457583984982427277,100,100,97,3,0.029999999999999999,1,0.029999999999999999,0,0,0,0,0,0,1,1,3,0,0,1,1,0,3,4.8278059529620485,103,1.0753515704177867
1,agent_restart_delayed_packets,P,42,4668941500697059185,7457583984982427277,100,95,95,0,0,0.94999999999999996,0,285,0,0,0,0,0,1,1,0,0,0,1,1,0,3,4.8278059529620485,103,1.0753515704177867
2,agent_restart_delayed_packets,B0,42,16320440670712453270,5685889371663859502,100,100,97,3,0.029999999999999999,1,0.029999999999999999,0,0,0,0,0,0,1,1,3,0,0,1,1,0,3,4.2326149242817177,103,1.0753515704177867
2,agent_restart_delayed_packets,B1,42,16320440670712453270,5685889371663859502,100,100,97,3,0.029999999999999999,1,0.029999999999999999,0,0,0,0,0,0,1,1,3,0,0,1,1,0,3,4.2326149242817177,103,1.0753515704177867
2,agent_restart_delayed_packets,P,42,16320440670712453270,5685889371663859502,100,95,95,0,0,0.94999999999999996,0,285,0,0,0,0,0,1,1,0,0,0,1,1,0,3,4.2326149242817177,103,1.0753515704177867
3,agent_restart_delayed_packets,B0,42,11593834175221393723,688299308614859583,100,100,97,3,0.029999999999999999,1,0.029999999999999999,0,0,0,0,0,0,1,1,3,0,0,1,1,0,3,5.3992324948954025,103,1.0753515704177867
3,agent_restart_delayed_packets,B1,42,11593834175221393723,688299308614859583,100,100,97,3,0.029999999999999999,1,0.029999999999999999,0,0,0,0,0,0,1,1,3,0,0,1,1,0,3,5.3992324948954025,103,1.0753515704177867
3,agent_restart_delayed_packets,P,42,11593834175221393723,688299308614859583,100,95,95,0,0,0.94999999999999996,0,285,0,0,0,0,0,1,1,0,0,0,1,1,0,3,5.3992324948954025,103,1.0753515704177867
4,agent_restart_delayed_packets,B0,42,3347813090986583384,8621917548640215704,100,100,97,3,0.029999999999999999,1,0.029999999999999999,0,0,0,0,0,0,1,1,3,0,0,1,1,0,3,4.6626369101779854,103,1.0753515704177867
4,agent_restart_delayed_packets,B1,42,3347813090986583384,8621917548640215704,100,100,97,3,0.029999999999999999,1,0.029999999999999999,0,0,0,0,0,0,1,1,3,0,0,1,1,0,3,4.6626369101779854,103,1.0753515704177867
4,agent_restart_delayed_packets,P,42,3347813090986583384,8621917548640215704,100,95,95,0,0,0.94999999999999996,0,285,0,0,0,0,0,1,1,0,0,0,1,1,0,3,4.6626369101779854,103,1.0753515704177867
5,agent_restart_delayed_packets,B0,42,16534674281161132573,10603527463365296745,100,100,97,3,0.029999999999999999,1,0.029999999999999999,0,0,0,0,0,0,1,1,3,0,0,1,1,0,3,5.156626808531998,103,1.0753515704177867
5,agent_restart_delayed_packets,B1,42,16534674281161132573,10603527463365296745,100,100,97,3,0.029999999999999999,1,0.029999999999999999,0,0,0,0,0,0,1,1,3,0,0,1,1,0,3,5.156626808531998,103,1.0753515704177867
5,agent_restart_delayed_packets,P,42,16534674281161132573,10603527463365296745,100,95,95,0,0,0.94999999999999996,0,285,0,0,0,0,0,1,1,0,0,0,1,1,0,3,5.156626808531998,103,1.0753515704177867
6,agent_restart_delayed_packets,B0,42,1869434951182979682,6086634301656685002,100,100,97,3,0.029999999999999999,1,0.029999999999999999,0,0,0,0,0,0,1,1,3,0,0,1,1,0,3,5.2437020890048096,103,1.0753515704177867
6,agent_restart_delayed_packets,B1,42,1869434951182979682,6086634301656685002,100,100,97,3,0.029999999999999999,1,0.029999999999999999,0,0,0,0,0,0,1,1,3,0,0,1,1,0,3,5.2437020890048096,103,1.0753515704177867
6,agent_restart_delayed_packets,P,42,1869434951182979682,6086634301656685002,100,95,95,0,0,0.94999999999999996,0,285,0,0,0,0,0,1,1,0,0,0,1,1,0,3,5.2437020890048096,103,1.0753515704177867
7,agent_restart_delayed_packets,B0,42,15165218386447993671,3888237113815056859,100,100,97,3,0.029999999999999999,1,0.029999999999999999,0,0,0,0,0,0,1,1,3,0,0,1,1,0,3,4.6047102611126309,103,1.0753515704177867
7,agent_restart_delayed_packets,B1,42,15165218386447993671,3888237113815056859,100,100,97,3,0.029999999999999999,1,0.029999999999999999,0,0,0,0,0,0,1,1,3,0,0,1,1,0,3,4.6047102611126309,103,1.0753515704177867
7,agent_restart_delayed_packets,P,42,15165218386447993671,3888237113815056859,100,95,95,0,0,0.94999999999999996,0,285,0,0,0,0,0,1,1,0,0,0,1,1,0,3,4.6047102611126309,103,1.0753515704177867
8,agent_restart_delayed_packets,B0,42,925738743642114676,3904673908837009380,100,100,97,3,0.029999999999999999,1,0.029999999999999999,0,0,0,0,0,0,1,1,3,0,0,1,1,0,3,4.2251645968200817,103,1.0753515704177867
8,agent_restart_delayed_packets,B1,42,925738743642114676,3904673908837009380,100,100,97,3,0.029999999999999999,1,0.029999999999999999,0,0,0,0,0,0,1,1,3,0,0,1,1,0,3,4.2251645968200817,103,1.0753515704177867
8,agent_restart_delayed_packets,P,42,925738743642114676,3904673908837009380,100,95,95,0,0,0.94999999999999996,0,285,0,0,0,0,0,1,1,0,0,0,1,1,0,3,4.2251645968200817,103,1.0753515704177867
9,agent_restart_delayed_packets,B0,42,18424644545096847385,5773831940232022325,100,100,97,3,0.029999999999999999,1,0.029999999999999999,0,0,0,0,0,0,1,1,3,0,0,1,1,0,3,5.021949768325805,103,1.0753515704177867
9,agent_restart_delayed_packets,B1,42,18424644545096847385,5773831940232022325,100,100,97,3,0.029999999999999999,1,0.029999999999999999,0,0,0,0,0,0,1,1,3,0,0,1,1,0,3,5.021949768325805,103,1.0753515704177867
9,agent_restart_delayed_packets,P,42,18424644545096847385,5773831940232022325,100,95,95,0,0,0.94999999999999996,0,285,0,0,0,0,0,1,1,0,0,0,1,1,0,3,5.021949768325805,103,1.0753515704177867
10,agent_restart_delayed_packets,B0,42,1197137687119922334,10618378893229137686,100,100,97,3,0.029999999999999999,1,0.029999999999999999,0,0,0,0,0,0,1,1,3,0,0,1,1,0,3,5.3857819261717248,103,1.0753515704177867
10,agent_restart_delayed_packets,B1,42,1197137687119922334,10618378893229137686,100,100,97,3,0.029999999999999999,1,0.029999999999999999,0,0,0,0,0,0,1,1,3,0,0,1,1,0,3,5.3857819261717248,103,1.0753515704177867
10,agent_restart_delayed_packets,P,42,1197137687119922334,10618378893229137686,100,95,95,0,0,0.94999999999999996,0,285,0,0,0,0,0,1,1,0,0,0,1,1,0,3,5.3857819261717248,103,1.0753515704177867
11,agent_restart_delayed_packets,B0,42,12889497012818321507,5336141012996564455,100,100,97,3,0.029999999999999999,1,0.029999999999999999,0,0,0,0,0,0,1,1,3,0,0,1,1,0,3,4.3663996907055758,103,1.0753515704177867
11,agent_restart_delayed_packets,B1,42,12889497012818321507,5336141012996564455,100,100,97,3,0.029999999999999999,1,0.029999999999999999,0,0,0,0,0,0,1,1,3,0,0,1,1,0,3,4.3663996907055758,103,1.0753515704177867
11,agent_restart_delayed_packets,P,42,12889497012818321507,5336141012996564455,100,95,95,0,0,0.94999999999999996,0,285,0,0,0,0,0,1,1,0,0,0,1,1,0,3,4.3663996907055758,103,1.0753515704177867
12,agent_restart_delayed_packets,B0,42,564723016766813184,11126014055582710848,100,100,97,3,0.029999999999999999,1,0.029999999999999999,0,0,0,0,0,0,1,1,3,0,0,1,1,0,3,2.9113974897065553,103,1.0753515704177867
12,agent_restart_delayed_packets,B1,42,564723016766813184,11126014055582710848,100,100,97,3,0.029999999999999999,1,0.029999999999999999,0,0,0,0,0,0,1,1,3,0,0,1,1,0,3,2.9113974897065553,103,1.0753515704177867
12,agent_restart_delayed_packets,P,42,564723016766813184,11126014055582710848,100,95,95,0,0,0.94999999999999996,0,285,0,0,0,0,0,1,1,0,0,0,1,1,0,3,2.9113974897065553,103,1.0753515704177867
13,agent_restart_delayed_packets,B0,42,1139813661928537189,13575527809104248401,100,100,97,3,0.029999999999999999,1,0.029999999999999999,0,0,0,0,0,0,1,1,3,0,0,1,1,0,3,5.2881318784673308,103,1.0753515704177867
13,agent_restart_delayed_packets,B1,42,1139813661928537189,13575527809104248401,100,100,97,3,0.029999999999999999,1,0.029999999999999999,0,0,0,0,0,0,1,1,3,0,0,1,1,0,3,5.2881318784673308,103,1.0753515704177867
13,agent_restart_delayed_packets,P,42,1139813661928537189,13575527809104248401,100,95,95,0,0,0.94999999999999996,0,285,0,0,0,0,0,1,1,0,0,0,1,1,0,3,5.2881318784673308,103,1.0753515704177867
14,agent_restart_delayed_packets,B0,42,11109762063541617482,12509483465164968370,100,100,97,3,0.029999999999999999,1,0.029999999999999999,0,0,0,0,0,0,1,1,3,0,0,1,1,0,3,4.5389053293675046,103,1.0753515704177867
14,agent_restart_delayed_packets,B1,42,11109762063541617482,12509483465164968370,100,100,97,3,0.029999999999999999,1,0.029999999999999999,0,0,0,0,0,0,1,1,3,0,0,1,1,0,3,4.5389053293675046,103,1.0753515704177867
14,agent_restart_delayed_packets,P,42,11109762063541617482,12509483465164968370,100,95,95,0,0,0.94999999999999996,0,285,0,0,0,0,0,1,1,0,0,0,1,1,0,3,4.5389053293675046,103,1.0753515704177867
15,agent_restart_delayed_packets,B0,42,13619859224420957711,16164446543171048067,100,100,97,3,0.029999999999999999,1,0.029999999999999999,0,0,0,0,0,0,1,1,3,0,0,1,1,0,3,5.4567472568148894,103,1.0753515704177867
15,agent_restart_delayed_packets,B1,42,13619859224420957711,16164446543171048067,100,100,97,3,0.029999999999999999,1,0.029999999999999999,0,0,0,0,0,0,1,1,3,0,0,1,1,0,3,5.4567472568148894,103,1.0753515704177867
15,agent_restart_delayed_packets,P,42,13619859224420957711,16164446543171048067,100,95,95,0,0,0.94999999999999996,0,285,0,0,0,0,0,1,1,0,0,0,1,1,0,3,5.4567472568148894,103,1.0753515704177867
16,agent_restart_delayed_packets,B0,42,17159192876407639708,2396962034613787308,100,100,97,3,0.029999999999999999,1,0.029999999999999999,0,0,0,0,0,0,1,1,3,0,0,1,1,0,3,3.5751401130886258,103,1.0753515704177867
16,agent_restart_delayed_packets,B1,42,17159192876407639708,2396962034613787308,100,100,97,3,0.029999999999999999,1,0.029999999999999999,0,0,0,0,0,0,1,1,3,0,0,1,1,0,3,3.5751401130886258,103,1.0753515704177867
16,agent_restart_delayed_packets,P,42,17159192876407639708,2396962034613787308,100,95,95,0,0,0.94999999999999996,0,285,0,0,0,0,0,1,1,0,0,0,1,1,0,3,3.5751401130886258,103,1.0753515704177867
17,agent_restart_delayed_packets,B0,42,16123066810707161761,9111642843827656701,100,100,97,3,0.029999999999999999,1,0.029999999999999999,0,0,0,0,0,0,1,1,3,0,0,1,1,0,3,4.439289413039746,103,1.0753515704177867
17,agent_restart_delayed_packets,B1,42,16123066810707161761,9111642843827656701,100,100,97,3,0.029999999999999999,1,0.029999999999999999,0,0,0,0,0,0,1,1,3,0,0,1,1,0,3,4.439289413039746,103,1.0753515704177867
17,agent_restart_delayed_packets,P,42,16123066810707161761,9111642843827656701,100,95,95,0,0,0.94999999999999996,0,285,0,0,0,0,0,1,1,0,0,0,1,1,0,3,4.439289413039746,103,1.0753515704177867
18,agent_restart_delayed_packets,B0,42,17255731612241714630,3858597655057428894,100,100,97,3,0.029999999999999999,1,0.029999999999999999,0,0,0,0,0,0,1,1,3,0,0,1,1,0,3,5.0749059806430497,103,1.0753515704177867
18,agent_restart_delayed_packets,B1,42,17255731612241714630,3858597655057428894,100,100,97,3,0.029999999999999999,1,0.029999999999999999,0,0,0,0,0,0,1,1,3,0,0,1,1,0,3,5.0749059806430497,103,1.0753515704177867
18,agent_restart_delayed_packets,P,42,17255731612241714630,3858597655057428894,100,95,95,0,0,0.94999999999999996,0,285,0,0,0,0,0,1,1,0,0,0,1,1,0,3,5.0749059806430497,103,1.0753515704177867
19,agent_restart_delayed_packets,B0,42,13883523294833848875,1592943080358019823,100,100,97,3,0.029999999999999999,1,0.029999999999999999,0,0,0,0,0,0,1,1,3,0,0,1,1,0,3,4.8906522878844765,103,1.0753515704177867
19,agent_restart_delayed_packets,B1,42,13883523294833848875,1592943080358019823,100,100,97,3,0.029999999999999999,1,0.029999999999999999,0,0,0,0,0,0,1,1,3,0,0,1,1,0,3,4.8906522878844765,103,1.0753515704177867
19,agent_restart_delayed_packets,P,42,13883523294833848875,1592943080358019823,100,95,95,0,0,0.94999999999999996,0,285,0,0,0,0,0,1,1,0,0,0,1,1,0,3,4.8906522878844765,103,1.0753515704177867
20,agent_restart_delayed_packets,B0,42,5193794695500498632,3711397613048494856,100,100,97,3,0.029999999999999999,1,0.029999999999999999,0,0,0,0,0,0,1,1,3,0,0,1,1,0,3,4.6698011834472348,103,1.0753515704177867
20,agent_restart_delayed_packets,B1,42,5193794695500498632,3711397613048494856,100,100,97,3,0.029999999999999999,1,0.029999999999999999,0,0,0,0,0,0,1,1,3,0,0,1,1,0,3,4.6698011834472348,103,1.0753515704177867
20,agent_restart_delayed_packets,P,42,5193794695500498632,3711397613048494856,100,95,95,0,0,0.94999999999999996,0,285,0,0,0,0,0,1,1,0,0,0,1,1,0,3,4.6698011834472348,103,1.0753515704177867
21,agent_restart_delayed_packets,B0,42,12200570134785767245,3849948674724955609,100,100,97,3,0.029999999999999999,1,0.029999999999999999,0,0,0,0,0,0,1,1,3,0,0,1,1,0,3,5.366372619492072,103,1.0753515704177867
21,agent_restart_delayed_packets,B1,42,12200570134785767245,3849948674724955609,100,100,97,3,0.029999999999999999,1,0.029999999999999999,0,0,0,0,0,0,1,1,3,0,0,1,1,0,3,5.366372619492072,103,1.0753515704177867
21,agent_restart_delayed_packets,P,42,12200570134785767245,3849948674724955609,100,95,95,0,0,0.94999999999999996,0,285,0,0,0,0,0,1,1,0,0,0,1,1,0,3,5.366372619492072,103,1.0753515704177867
22,agent_restart_delayed_packets,B0,42,6639034778626213330,13020379902115245690,100,100,97,3,0.029999999999999999,1,0.029999999999999999,0,0,0,0,0,0,1,1,3,0,0,1,1,0,3,3.2344187275339005,103,1.0753515704177867
22,agent_restart_delayed_packets,B1,42,6639034778626213330,13020379902115245690,100,100,97,3,0.029999999999999999,1,0.029999999999999999,0,0,0,0,0,0,1,1,3,0,0,1,1,0,3,3.2344187275339005,103,1.0753515704177867
22,agent_restart_delayed_packets,P,42,6639034778626213330,13020379902115245690,100,95,95,0,0,0.94999999999999996,0,285,0,0,0,0,0,1,1,0,0,0,1,1,0,3,3.2344187275339005,103,1.0753515704177867
23,agent_restart_delayed_packets,B0,42,5188156410933320695,17113177581481277707,100,100,97,3,0.029999999999999999,1,0.029999999999999999,0,0,0,0,0,0,1,1,3,0,0,1,1,0,3,5.1618258393395058,103,1.0753515704177867
23,agent_restart_delayed_packets,B1,42,5188156410933320695,17113177581481277707,100,100,97,3,0.029999999999999999,1,0.029999999999999999,0,0,0,0,0,0,1,1,3,0,0,1,1,0,3,5.1618258393395058,103,1.0753515704177867
23,agent_restart_delayed_packets,P,42,5188156410933320695,17113177581481277707,100,95,95,0,0,0.94999999999999996,0,285,0,0,0,0,0,1,1,0,0,0,1,1,0,3,5.1618258393395058,103,1.0753515704177867
24,agent_restart_delayed_packets,B0,42,6139046086183888228,12666379410853940692,100,100,97,3,0.029999999999999999,1,0.029999999999999999,0,0,0,0,0,0,1,1,3,0,0,1,1,0,3,4.8620666514688038,103,1.0753515704177867
24,agent_restart_delayed_packets,B1,42,6139046086183888228,12666379410853940692,100,100,97,3,0.029999999999999999,1,0.029999999999999999,0,0,0,0,0,0,1,1,3,0,0,1,1,0,3,4.8620666514688038,103,1.0753515704177867
24,agent_restart_delayed_packets,P,42,6139046086183888228,12666379410853940692,100,95,95,0,0,0.94999999999999996,0,285,0,0,0,0,0,1,1,0,0,0,1,1,0,3,4.8620666514688038,103,1.0753515704177867
25,agent_restart_delayed_packets,B0,42,14852878865191795913,17335106443298614373,100,100,97,3,0.029999999999999999,1,0.029999999999999999,0,0,0,0,0,0,1,1,3,0,0,1,1,0,3,4.7269549070601133,103,1.0753515704177867
25,agent_restart_delayed_packets,B1,42,14852878865191795913,17335106443298614373,100,100,97,3,0.029999999999999999,1,0.029999999999999999,0,0,0,0,0,0,1,1,3,0,0,1,1,0,3,4.7269549070601133,103,1.0753515704177867
25,agent_restart_delayed_packets,P,42,14852878865191795913,17335106443298614373,100,95,95,0,0,0.94999999999999996,0,285,0,0,0,0,0,1,1,0,0,0,1,1,0,3,4.7269549070601133,103,1.0753515704177867
26,agent_restart_delayed_packets,B0,42,10759014571150830798,3201580043016610374,100,100,97,3,0.029999999999999999,1,0.029999999999999999,0,0,0,0,0,0,1,1,3,0,0,1,1,0,3,4.9112939818163035,103,1.0753515704177867
26,agent_restart_delayed_packets,B1,42,10759014571150830798,3201580043016610374,100,100,97,3,0.029999999999999999,1,0.029999999999999999,0,0,0,0,0,0,1,1,3,0,0,1,1,0,3,4.9112939818163035,103,1.0753515704177867
26,agent_restart_delayed_packets,P,42,10759014571150830798,3201580043016610374,100,95,95,0,0,0.94999999999999996,0,285,0,0,0,0,0,1,1,0,0,0,1,1,0,3,4.9112939818163035,103,1.0753515704177867
27,agent_restart_delayed_packets,B0,42,3714909113697100947,12899535421721634327,100,100,97,3,0.029999999999999999,1,0.029999999999999999,0,0,0,0,0,0,1,1,3,0,0,1,1,0,3,5.3893186585236474,103,1.0753515704177867
27,agent_restart_delayed_packets,B1,42,3714909113697100947,12899535421721634327,100,100,97,3,0.029999999999999999,1,0.029999999999999999,0,0,0,0,0,0,1,1,3,0,0,1,1,0,3,5.3893186585236474,103,1.0753515704177867
27,agent_restart_delayed_packets,P,42,3714909113697100947,12899535421721634327,100,95,95,0,0,0.94999999999999996,0,285,0,0,0,0,0,1,1,0,0,0,1,1,0,3,5.3893186585236474,103,1.0753515704177867
28,agent_restart_delayed_packets,B0,42,15638994699027385520,5292605975317971696,100,100,97,3,0.029999999999999999,1,0.029999999999999999,0,0,0,0,0,0,1,1,3,0,0,1,1,0,3,4.7588767267276975,103,1.0753515704177867
28,agent_restart_delayed_packets,B1,42,15638994699027385520,5292605975317971696,100,100,97,3,0.029999999999999999,1,0.029999999999999999,0,0,0,0,0,0,1,1,3,0,0,1,1,0,3,4.7588767267276975,103,1.0753515704177867
28,agent_restart_delayed_packets,P,42,15638994699027385520,5292605975317971696,100,95,95,0,0,0.94999999999999996,0,285,0,0,0,0,0,1,1,0,0,0,1,1,0,3,4.7588767267276975,103,1.0753515704177867
29,agent_restart_delayed_packets,B0,42,10786533052122665045,15313680229512568065,100,100,97,3,0.029999999999999999,1,0.029999999999999999,0,0,0,0,0,0,1,1,3,0,0,1,1,0,3,4.1153496281138144,103,1.0753515704177867
29,agent_restart_delayed_packets,B1,42,10786533052122665045,15313680229512568065,100,100,97,3,0.029999999999999999,1,0.029999999999999999,0,0,0,0,0,0,1,1,3,0,0,1,1,0,3,4.1153496281138144,103,1.0753515704177867
29,agent_restart_delayed_packets,P,42,10786533052122665045,15313680229512568065,100,95,95,0,0,0.94999999999999996,0,285,0,0,0,0,0,1,1,0,0,0,1,1,0,3,4.1153496281138144,103,1.0753515704177867
30,agent_restart_delayed_packets,B0,42,17411780308251417786,2433073389186135522,100,100,97,3,0.029999999999999999,1,0.029999999999999999,0,0,0,0,0,0,1,1,3,0,0,1,1,0,3,5.1656800282186479,103,1.0753515704177867
30,agent_restart_delayed_packets,B1,42,17411780308251417786,2433073389186135522,100,100,97,3,0.029999999999999999,1,0.029999999999999999,0,0,0,0,0,0,1,1,3,0,0,1,1,0,3,5.1656800282186479,103,1.0753515704177867
30,agent_restart_delayed_packets,P,42,17411780308251417786,2433073389186135522,100,95,95,0,0,0.94999999999999996,0,285,0,0,0,0,0,1,1,0,0,0,1,1,0,3,5.1656800282186479,103,1.0753515704177867
31,agent_restart_delayed_packets,B0,42,14960714582419432383,13781506770817243955,100,100,97,3,0.029999999999999999,1,0.029999999999999999,0,0,0,0,0,0,1,1,3,0,0,1,1,0,3,3.4409769389809663,103,1.0753515704177867
31,agent_restart_delayed_packets,B1,42,14960714582419432383,13781506770817243955,100,100,97,3,0.029999999999999999,1,0.029999999999999999,0,0,0,0,0,0,1,1,3,0,0,1,1,0,3,3.4409769389809663,103,1.0753515704177867
31,agent_restart_delayed_packets,P,42,14960714582419432383,13781506770817243955,100,95,95,0,0,0.94999999999999996,0,285,0,0,0,0,0,1,1,0,0,0,1,1,0,3,3.4409769389809663,103,1.0753515704177867
32,agent_restart_delayed_packets,B0,42,10781159969224193356,12287194856317598620,100,100,97,3,0.029999999999999999,1,0.029999999999999999,0,0,0,0,0,0,1,1,3,0,0,1,1,0,3,4.1526348890546512,103,1.0753515704177867
32,agent_restart_delayed_packets,B1,42,10781159969224193356,12287194856317598620,100,100,97,3,0.029999999999999999,1,0.029999999999999999,0,0,0,0,0,0,1,1,3,0,0,1,1,0,3,4.1526348890546512,103,1.0753515704177867
32,agent_restart_delayed_packets,P,42,10781159969224193356,12287194856317598620,100,95,95,0,0,0.94999999999999996,0,285,0,0,0,0,0,1,1,0,0,0,1,1,0,3,4.1526348890546512,103,1.0753515704177867
33,agent_restart_delayed_packets,B0,42,11728230447752747985,16697822379425455597,100,100,97,3,0.029999999999999999,1,0.029999999999999999,0,0,0,0,0,0,1,1,3,0,0,1,1,0,3,4.818343529607314,103,1.0753515704177867
33,agent_restart_delayed_packets,B1,42,11728230447752747985,16697822379425455597,100,100,97,3,0.029999999999999999,1,0.029999999999999999,0,0,0,0,0,0,1,1,3,0,0,1,1,0,3,4.818343529607314,103,1.0753515704177867
33,agent_restart_delayed_packets,P,42,11728230447752747985,16697822379425455597,100,95,95,0,0,0.94999999999999996,0,285,0,0,0,0,0,1,1,0,0,0,1,1,0,3,4.818343529607314,103,1.0753515704177867
34,agent_restart_delayed_packets,B0,42,8945314669155935606,12150405308838647950,100,100,97,3,0.029999999999999999,1,0.029999999999999999,0,0,0,0,0,0,1,1,3,0,0,1,1,0,3,4.0600262678927095,103,1.0753515704177867
34,agent_restart_delayed_packets,B1,42,8945314669155935606,12150405308838647950,100,100,97,3,0.029999999999999999,1,0.029999999999999999,0,0,0,0,0,0,1,1,3,0,0,1,1,0,3,4.0600262678927095,103,1.0753515704177867
34,agent_restart_delayed_packets,P,42,8945314669155935606,12150405308838647950,100,95,95,0,0,0.94999999999999996,0,285,0,0,0,0,0,1,1,0,0,0,1,1,0,3,4.0600262678927095,103,1.0753515704177867
35,agent_restart_delayed_packets,B0,42,227496352486774043,861017960306679583,100,100,97,3,0.029999999999999999,1,0.029999999999999999,0,0,0,0,0,0,1,1,3,0,0,1,1,0,3,4.9879747382217685,103,1.0753515704177867
35,agent_restart_delayed_packets,B1,42,227496352486774043,861017960306679583,100,100,97,3,0.029999999999999999,1,0.029999999999999999,0,0,0,0,0,0,1,1,3,0,0,1,1,0,3,4.9879747382217685,103,1.0753515704177867
35,agent_restart_delayed_packets,P,42,227496352486774043,861017960306679583,100,95,95,0,0,0.94999999999999996,0,285,0,0,0,0,0,1,1,0,0,0,1,1,0,3,4.9879747382217685,103,1.0753515704177867
36,agent_restart_delayed_packets,B0,42,10407102038042272184,14673873719257502584,100,100,97,3,0.029999999999999999,1,0.029999999999999999,0,0,0,0,0,0,1,1,3,0,0,1,1,0,3,4.1788288837674132,103,1.0753515704177867
36,agent_restart_delayed_packets,B1,42,10407102038042272184,14673873719257502584,100,100,97,3,0.029999999999999999,1,0.029999999999999999,0,0,0,0,0,0,1,1,3,0,0,1,1,0,3,4.1788288837674132,103,1.0753515704177867
36,agent_restart_delayed_packets,P,42,10407102038042272184,14673873719257502584,100,95,95,0,0,0.94999999999999996,0,285,0,0,0,0,0,1,1,0,0,0,1,1,0,3,4.1788288837674132,103,1.0753515704177867
37,agent_restart_delayed_packets,B0,42,4267529692386032381,6486297058531757513,100,100,97,3,0.029999999999999999,1,0.029999999999999999,0,0,0,0,0,0,1,1,3,0,0,1,1,0,3,4.6841424101990725,103,1.0753515704177867
37,agent_restart_delayed_packets,B1,42,4267529692386032381,6486297058531757513,100,100,97,3,0.029999999999999999,1,0.029999999999999999,0,0,0,0,0,0,1,1,3,0,0,1,1,0,3,4.6841424101990725,103,1.0753515704177867
37,agent_restart_delayed_packets,P,42,4267529692386032381,6486297058531757513,100,95,95,0,0,0.94999999999999996,0,285,0,0,0,0,0,1,1,0,0,0,1,1,0,3,4.6841424101990725,103,1.0753515704177867
38,agent_restart_delayed_packets,B0,42,8494821390787606338,4411682744180158634,100,100,97,3,0.029999999999999999,1,0.029999999999999999,0,0,0,0,0,0,1,1,3,0,0,1,1,0,3,3.6010471988532613,103,1.0753515704177867
38,agent_restart_delayed_packets,B1,42,8494821390787606338,4411682744180158634,100,100,97,3,0.029999999999999999,1,0.029999999999999999,0,0,0,0,0,0,1,1,3,0,0,1,1,0,3,3.6010471988532613,103,1.0753515704177867
38,agent_restart_delayed_packets,P,42,8494821390787606338,4411682744180158634,100,95,95,0,0,0.94999999999999996,0,285,0,0,0,0,0,1,1,0,0,0,1,1,0,3,3.6010471988532613,103,1.0753515704177867
39,agent_restart_delayed_packets,B0,42,6910402922770238631,5648951377904629179,100,100,97,3,0.029999999999999999,1,0.029999999999999999,0,0,0,0,0,0,1,1,3,0,0,1,1,0,3,4.4079831861598171,103,1.0753515704177867
39,agent_restart_delayed_packets,B1,42,6910402922770238631,5648951377904629179,100,100,97,3,0.029999999999999999,1,0.029999999999999999,0,0,0,0,0,0,1,1,3,0,0,1,1,0,3,4.4079831861598171,103,1.0753515704177867
39,agent_restart_delayed_packets,P,42,6910402922770238631,5648951377904629179,100,95,95,0,0,0.94999999999999996,0,285,0,0,0,0,0,1,1,0,0,0,1,1,0,3,4.4079831861598171,103,1.0753515704177867
40,agent_restart_delayed_packets,B0,42,4008714893987389780,1378864085449930180,100,100,97,3,0.029999999999999999,1,0.029999999999999999,0,0,0,0,0,0,1,1,3,0,0,1,1,0,3,3.7878725731458229,103,1.0753515704177867
40,agent_restart_delayed_packets,B1,42,4008714893987389780,1378864085449930180,100,100,97,3,0.029999999999999999,1,0.029999999999999999,0,0,0,0,0,0,1,1,3,0,0,1,1,0,3,3.7878725731458229,103,1.0753515704177867
40,agent_restart_delayed_packets,P,42,4008714893987389780,1378864085449930180,100,95,95,0,0,0.94999999999999996,0,285,0,0,0,0,0,1,1,0,0,0,1,1,0,3,3.7878725731458229,103,1.0753515704177867
41,agent_restart_delayed_packets,B0,42,8362665835234397177,4661891097145177109,100,100,97,3,0.029999999999999999,1,0.029999999999999999,0,0,0,0,0,0,1,1,3,0,0,1,1,0,3,5.4828107868125722,103,1.0753515704177867
41,agent_restart_delayed_packets,B1,42,8362665835234397177,4661891097145177109,100,100,97,3,0.029999999999999999,1,0.029999999999999999,0,0,0,0,0,0,1,1,3,0,0,1,1,0,3,5.4828107868125722,103,1.0753515704177867
41,agent_restart_delayed_packets,P,42,8362665835234397177,4661891097145177109,100,95,95,0,0,0.94999999999999996,0,285,0,0,0,0,0,1,1,0,0,0,1,1,0,3,5.4828107868125722,103,1.0753515704177867
42,agent_restart_delayed_packets,B0,42,3400424375343960062,3783670975428465654,100,100,97,3,0.029999999999999999,1,0.029999999999999999,0,0,0,0,0,0,1,1,3,0,0,1,1,0,3,4.1744207017510675,103,1.0753515704177867
42,agent_restart_delayed_packets,B1,42,3400424375343960062,3783670975428465654,100,100,97,3,0.029999999999999999,1,0.029999999999999999,0,0,0,0,0,0,1,1,3,0,0,1,1,0,3,4.1744207017510675,103,1.0753515704177867
42,agent_restart_delayed_packets,P,42,3400424375343960062,3783670975428465654,100,95,95,0,0,0.94999999999999996,0,285,0,0,0,0,0,1,1,0,0,0,1,1,0,3,4.1744207017510675,103,1.0753515704177867
43,agent_restart_delayed_packets,B0,42,4619782524672878147,17416409305605331911,100,100,97,3,0.029999999999999999,1,0.029999999999999999,0,0,0,0,0,0,1,1,3,0,0,1,1,0,3,4.7536694019119139,103,1.0753515704177867
43,agent_restart_delayed_packets,B1,42,4619782524672878147,17416409305605331911,100,100,97,3,0.029999999999999999,1,0.029999999999999999,0,0,0,0,0,0,1,1,3,0,0,1,1,0,3,4.7536694019119139,103,1.0753515704177867
43,agent_restart_delayed_packets,P,42,4619782524672878147,17416409305605331911,100,95,95,0,0,0.94999999999999996,0,285,0,0,0,0,0,1,1,0,0,0,1,1,0,3,4.7536694019119139,103,1.0753515704177867
44,agent_restart_delayed_packets,B0,42,5885750343499270368,911842585741990560,100,100,97,3,0.029999999999999999,1,0.029999999999999999,0,0,0,0,0,0,1,1,3,0,0,1,1,0,3,4.7422619277174114,103,1.0753515704177867
44,agent_restart_delayed_packets,B1,42,5885750343499270368,911842585741990560,100,100,97,3,0.029999999999999999,1,0.029999999999999999,0,0,0,0,0,0,1,1,3,0,0,1,1,0,3,4.7422619277174114,103,1.0753515704177867
44,agent_restart_delayed_packets,P,42,5885750343499270368,911842585741990560,100,95,95,0,0,0.94999999999999996,0,285,0,0,0,0,0,1,1,0,0,0,1,1,0,3,4.7422619277174114,103,1.0753515704177867
45,agent_restart_delayed_packets,B0,42,12196532709613882821,6030958212982923697,100,100,97,3,0.029999999999999999,1,0.029999999999999999,0,0,0,0,0,0,1,1,3,0,0,1,1,0,3,5.3078829276626625,103,1.0753515704177867
45,agent_restart_delayed_packets,B1,42,12196532709613882821,6030958212982923697,100,100,97,3,0.029999999999999999,1,0.029999999999999999,0,0,0,0,0,0,1,1,3,0,0,1,1,0,3,5.3078829276626625,103,1.0753515704177867
45,agent_restart_delayed_packets,P,42,12196532709613882821,6030958212982923697,100,95,95,0,0,0.94999999999999996,0,285,0,0,0,0,0,1,1,0,0,0,1,1,0,3,5.3078829276626625,103,1.0753515704177867
46,agent_restart_delayed_packets,B0,42,3734636061985099818,7668387396338441618,100,100,97,3,0.029999999999999999,1,0.029999999999999999,0,0,0,0,0,0,1,1,3,0,0,1,1,0,3,5.0767959849945239,103,1.0753515704177867
46,agent_restart_delayed_packets,B1,42,3734636061985099818,7668387396338441618,100,100,97,3,0.029999999999999999,1,0.029999999999999999,0,0,0,0,0,0,1,1,3,0,0,1,1,0,3,5.0767959849945239,103,1.0753515704177867
46,agent_restart_delayed_packets,P,42,3734636061985099818,7668387396338441618,100,95,95,0,0,0.94999999999999996,0,285,0,0,0,0,0,1,1,0,0,0,1,1,0,3,5.0767959849945239,103,1.0753515704177867
47,agent_restart_delayed_packets,B0,42,12467931653091690479,14850807424926392803,100,100,97,3,0.029999999999999999,1,0.029999999999999999,0,0,0,0,0,0,1,1,3,0,0,1,1,0,3,3.0094529565393615,103,1.0753515704177867
47,agent_restart_delayed_packets,B1,42,12467931653091690479,14850807424926392803,100,100,97,3,0.029999999999999999,1,0.029999999999999999,0,0,0,0,0,0,1,1,3,0,0,1,1,0,3,3.0094529565393615,103,1.0753515704177867
47,agent_restart_delayed_packets,P,42,12467931653091690479,14850807424926392803,100,95,95,0,0,0.94999999999999996,0,285,0,0,0,0,0,1,1,0,0,0,1,1,0,3,3.0094529565393615,103,1.0753515704177867
48,agent_restart_delayed_packets,B0,42,8904377412729884668,8112686153256641036,100,100,97,3,0.029999999999999999,1,0.029999999999999999,0,0,0,0,0,0,1,1,3,0,0,1,1,0,3,5.3519620018527609,103,1.0753515704177867
48,agent_restart_delayed_packets,B1,42,8904377412729884668,8112686153256641036,100,100,97,3,0.029999999999999999,1,0.029999999999999999,0,0,0,0,0,0,1,1,3,0,0,1,1,0,3,5.3519620018527609,103,1.0753515704177867
48,agent_restart_delayed_packets,P,42,8904377412729884668,8112686153256641036,100,95,95,0,0,0.94999999999999996,0,285,0,0,0,0,0,1,1,0,0,0,1,1,0,3,5.3519620018527609,103,1.0753515704177867
49,agent_restart_delayed_packets,B0,42,17446664036809962113,689950943608474333,100,100,97,3,0.029999999999999999,1,0.029999999999999999,0,0,0,0,0,0,1,1,3,0,0,1,1,0,3,4.5283760689613199,103,1.0753515704177867
49,agent_restart_delayed_packets,B1,42,17446664036809962113,689950943608474333,100,100,97,3,0.029999999999999999,1,0.029999999999999999,0,0,0,0,0,0,1,1,3,0,0,1,1,0,3,4.5283760689613199,103,1.0753515704177867
49,agent_restart_delayed_packets,P,42,17446664036809962113,689950943608474333,100,95,95,0,0,0.94999999999999996,0,285,0,0,0,0,0,1,1,0,0,0,1,1,0,3,4.5283760689613199,103,1.0753515704177867
0,frame_mismatch,B0,42,16810207103304354796,10807720234389526828,100,100,0,100,1,1,1,0,0,0,0,0,0,0,0,0,0,100,0,0,0,0,2.7158908056633426,0,0
0,frame_mismatch,B1,42,16810207103304354796,10807720234389526828,100,100,0,100,1,1,1,0,0,0,0,0,0,0,0,0,0,100,0,0,0,0,2.7158908056633426,0,0
0,frame_mismatch,P,42,16810207103304354796,10807720234389526828,100,0,0,0,0,0,0,0,0,0,0,0,0,0,0,0,0,100,0,0,0,0,2.7158908056633426,0,0
1,frame_mismatch,B0,42,4668941500697059185,7354791064261554513,100,100,0,100,1,1,1,0,0,0,0,0,0,0,0,0,0,100,0,0,0,0,4.8278059529620485,0,0
1,frame_mismatch,B1,42,4668941500697059185,7354791064261554513,100,100,0,100,1,1,1,0,0,0,0,0,0,0,0,0,0,100,0,0,0,0,4.8278059529620485,0,0
1,frame_mismatch,P,42,4668941500697059185,7354791064261554513,100,0,0,0,0,0,0,0,0,0,0,0,0,0,0,0,0,100,0,0,0,0,4.8278059529620485,0,0
2,frame_mismatch,B0,42,16320440670712453270,17095069103210542150,100,100,0,100,1,1,1,0,0,0,0,0,0,0,0,0,0,100,0,0,0,0,4.2326149242817177,0,0
2,frame_mismatch,B1,42,16320440670712453270,17095069103210542150,100,100,0,100,1,1,1,0,0,0,0,0,0,0,0,0,0,100,0,0,0,0,4.2326149242817177,0,0
2,frame_mismatch,P,42,16320440670712453270,17095069103210542150,100,0,0,0,0,0,0,0,0,0,0,0,0,0,0,0,0,100,0,0,0,0,4.2326149242817177,0,0
3,frame_mismatch,B0,42,11593834175221393723,7101938828764536779,100,100,0,100,1,1,1,0,0,0,0,0,0,0,0,0,0,100,0,0,0,0,5.3992324948954025,0,0
3,frame_mismatch,B1,42,11593834175221393723,7101938828764536779,100,100,0,100,1,1,1,0,0,0,0,0,0,0,0,0,0,100,0,0,0,0,5.3992324948954025,0,0
3,frame_mismatch,P,42,11593834175221393723,7101938828764536779,100,0,0,0,0,0,0,0,0,0,0,0,0,0,0,0,0,100,0,0,0,0,5.3992324948954025,0,0
4,frame_mismatch,B0,42,3347813090986583384,5685334841609097320,100,100,0,100,1,1,1,0,0,0,0,0,0,0,0,0,0,100,0,0,0,0,4.6626369101779854,0,0
4,frame_mismatch,B1,42,3347813090986583384,5685334841609097320,100,100,0,100,1,1,1,0,0,0,0,0,0,0,0,0,0,100,0,0,0,0,4.6626369101779854,0,0
4,frame_mismatch,P,42,3347813090986583384,5685334841609097320,100,0,0,0,0,0,0,0,0,0,0,0,0,0,0,0,0,100,0,0,0,0,4.6626369101779854,0,0
5,frame_mismatch,B0,42,16534674281161132573,10588653308771611837,100,100,0,100,1,1,1,0,0,0,0,0,0,0,0,0,0,100,0,0,0,0,5.156626808531998,0,0
5,frame_mismatch,B1,42,16534674281161132573,10588653308771611837,100,100,0,100,1,1,1,0,0,0,0,0,0,0,0,0,0,100,0,0,0,0,5.156626808531998,0,0
5,frame_mismatch,P,42,16534674281161132573,10588653308771611837,100,0,0,0,0,0,0,0,0,0,0,0,0,0,0,0,0,100,0,0,0,0,5.156626808531998,0,0
6,frame_mismatch,B0,42,1869434951182979682,1698150152731190626,100,100,0,100,1,1,1,0,0,0,0,0,0,0,0,0,0,100,0,0,0,0,5.2437020890048096,0,0
6,frame_mismatch,B1,42,1869434951182979682,1698150152731190626,100,100,0,100,1,1,1,0,0,0,0,0,0,0,0,0,0,100,0,0,0,0,5.2437020890048096,0,0
6,frame_mismatch,P,42,1869434951182979682,1698150152731190626,100,0,0,0,0,0,0,0,0,0,0,0,0,0,0,0,0,100,0,0,0,0,5.2437020890048096,0,0
7,frame_mismatch,B0,42,15165218386447993671,5467565880444117111,100,100,0,100,1,1,1,0,0,0,0,0,0,0,0,0,0,100,0,0,0,0,4.6047102611126309,0,0
7,frame_mismatch,B1,42,15165218386447993671,5467565880444117111,100,100,0,100,1,1,1,0,0,0,0,0,0,0,0,0,0,100,0,0,0,0,4.6047102611126309,0,0
7,frame_mismatch,P,42,15165218386447993671,5467565880444117111,100,0,0,0,0,0,0,0,0,0,0,0,0,0,0,0,0,100,0,0,0,0,4.6047102611126309,0,0
8,frame_mismatch,B0,42,925738743642114676,2864126923614583428,100,100,0,100,1,1,1,0,0,0,0,0,0,0,0,0,0,100,0,0,0,0,4.2251645968200817,0,0
8,frame_mismatch,B1,42,925738743642114676,2864126923614583428,100,100,0,100,1,1,1,0,0,0,0,0,0,0,0,0,0,100,0,0,0,0,4.2251645968200817,0,0
8,frame_mismatch,P,42,925738743642114676,2864126923614583428,100,0,0,0,0,0,0,0,0,0,0,0,0,0,0,0,0,100,0,0,0,0,4.2251645968200817,0,0
9,frame_mismatch,B0,42,18424644545096847385,16996739993819073033,100,100,0,100,1,1,1,0,0,0,0,0,0,0,0,0,0,100,0,0,0,0,5.021949768325805,0,0
9,frame_mismatch,B1,42,18424644545096847385,16996739993819073033,100,100,0,100,1,1,1,0,0,0,0,0,0,0,0,0,0,100,0,0,0,0,5.021949768325805,0,0
9,frame_mismatch,P,42,18424644545096847385,16996739993819073033,100,0,0,0,0,0,0,0,0,0,0,0,0,0,0,0,0,100,0,0,0,0,5.021949768325805,0,0
10,frame_mismatch,B0,42,1197137687119922334,6520654261179955710,100,100,0,100,1,1,1,0,0,0,0,0,0,0,0,0,0,100,0,0,0,0,5.3857819261717248,0,0
10,frame_mismatch,B1,42,1197137687119922334,6520654261179955710,100,100,0,100,1,1,1,0,0,0,0,0,0,0,0,0,0,100,0,0,0,0,5.3857819261717248,0,0
10,frame_mismatch,P,42,1197137687119922334,6520654261179955710,100,0,0,0,0,0,0,0,0,0,0,0,0,0,0,0,0,100,0,0,0,0,5.3857819261717248,0,0
11,frame_mismatch,B0,42,12889497012818321507,18042708388490932387,100,100,0,100,1,1,1,0,0,0,0,0,0,0,0,0,0,100,0,0,0,0,4.3663996907055758,0,0
11,frame_mismatch,B1,42,12889497012818321507,18042708388490932387,100,100,0,100,1,1,1,0,0,0,0,0,0,0,0,0,0,100,0,0,0,0,4.3663996907055758,0,0
11,frame_mismatch,P,42,12889497012818321507,18042708388490932387,100,0,0,0,0,0,0,0,0,0,0,0,0,0,0,0,0,100,0,0,0,0,4.3663996907055758,0,0
12,frame_mismatch,B0,42,564723016766813184,7404056689143439808,100,100,0,100,1,1,1,0,0,0,0,0,0,0,0,0,0,100,0,0,0,0,2.9113974897065553,0,0
12,frame_mismatch,B1,42,564723016766813184,7404056689143439808,100,100,0,100,1,1,1,0,0,0,0,0,0,0,0,0,0,100,0,0,0,0,2.9113974897065553,0,0
12,frame_mismatch,P,42,564723016766813184,7404056689143439808,100,0,0,0,0,0,0,0,0,0,0,0,0,0,0,0,0,100,0,0,0,0,2.9113974897065553,0,0
13,frame_mismatch,B0,42,1139813661928537189,17716690505742325909,100,100,0,100,1,1,1,0,0,0,0,0,0,0,0,0,0,100,0,0,0,0,5.2881318784673308,0,0
13,frame_mismatch,B1,42,1139813661928537189,17716690505742325909,100,100,0,100,1,1,1,0,0,0,0,0,0,0,0,0,0,100,0,0,0,0,5.2881318784673308,0,0
13,frame_mismatch,P,42,1139813661928537189,17716690505742325909,100,0,0,0,0,0,0,0,0,0,0,0,0,0,0,0,0,100,0,0,0,0,5.2881318784673308,0,0
14,frame_mismatch,B0,42,11109762063541617482,16624475106008877914,100,100,0,100,1,1,1,0,0,0,0,0,0,0,0,0,0,100,0,0,0,0,4.5389053293675046,0,0
14,frame_mismatch,B1,42,11109762063541617482,16624475106008877914,100,100,0,100,1,1,1,0,0,0,0,0,0,0,0,0,0,100,0,0,0,0,4.5389053293675046,0,0
14,frame_mismatch,P,42,11109762063541617482,16624475106008877914,100,0,0,0,0,0,0,0,0,0,0,0,0,0,0,0,0,100,0,0,0,0,4.5389053293675046,0,0
15,frame_mismatch,B0,42,13619859224420957711,293429373279405999,100,100,0,100,1,1,1,0,0,0,0,0,0,0,0,0,0,100,0,0,0,0,5.4567472568148894,0,0
15,frame_mismatch,B1,42,13619859224420957711,293429373279405999,100,100,0,100,1,1,1,0,0,0,0,0,0,0,0,0,0,100,0,0,0,0,5.4567472568148894,0,0
15,frame_mismatch,P,42,13619859224420957711,293429373279405999,100,0,0,0,0,0,0,0,0,0,0,0,0,0,0,0,0,100,0,0,0,0,5.4567472568148894,0,0
16,frame_mismatch,B0,42,17159192876407639708,670533556046964540,100,100,0,100,1,1,1,0,0,0,0,0,0,0,0,0,0,100,0,0,0,0,3.5751401130886258,0,0
16,frame_mismatch,B1,42,17159192876407639708,670533556046964540,100,100,0,100,1,1,1,0,0,0,0,0,0,0,0,0,0,100,0,0,0,0,3.5751401130886258,0,0
16,frame_mismatch,P,42,17159192876407639708,670533556046964540,100,0,0,0,0,0,0,0,0,0,0,0,0,0,0,0,0,100,0,0,0,0,3.5751401130886258,0,0
17,frame_mismatch,B0,42,16123066810707161761,17498921137613126817,100,100,0,100,1,1,1,0,0,0,0,0,0,0,0,0,0,100,0,0,0,0,4.439289413039746,0,0
17,frame_mismatch,B1,42,16123066810707161761,17498921137613126817,100,100,0,100,1,1,1,0,0,0,0,0,0,0,0,0,0,100,0,0,0,0,4.439289413039746,0,0
17,frame_mismatch,P,42,16123066810707161761,17498921137613126817,100,0,0,0,0,0,0,0,0,0,0,0,0,0,0,0,0,100,0,0,0,0,4.439289413039746,0,0
18,frame_mismatch,B0,42,17255731612241714630,8582431567619570262,100,100,0,100,1,1,1,0,0,0,0,0,0,0,0,0,0,100,0,0,0,0,5.0749059806430497,0,0
18,frame_mismatch,B1,42,17255731612241714630,8582431567619570262,100,100,0,100,1,1,1,0,0,0,0,0,0,0,0,0,0,100,0,0,0,0,5.0749059806430497,0,0
18,frame_mismatch,P,42,17255731612241714630,8582431567619570262,100,0,0,0,0,0,0,0,0,0,0,0,0,0,0,0,0,100,0,0,0,0,5.0749059806430497,0,0
19,frame_mismatch,B0,42,13883523294833848875,6929465702495347803,100,100,0,100,1,1,1,0,0,0,0,0,0,0,0,0,0,100,0,0,0,0,4.8906522878844765,0,0
19,frame_mismatch,B1,42,13883523294833848875,6929465702495347803,100,100,0,100,1,1,1,0,0,0,0,0,0,0,0,0,0,100,0,0,0,0,4.8906522878844765,0,0
19,frame_mismatch,P,42,13883523294833848875,6929465702495347803,100,0,0,0,0,0,0,0,0,0,0,0,0,0,0,0,0,100,0,0,0,0,4.8906522878844765,0,0
20,frame_mismatch,B0,42,5193794695500498632,2931233106627684984,100,100,0,100,1,1,1,0,0,0,0,0,0,0,0,0,0,100,0,0,0,0,4.6698011834472348,0,0
20,frame_mismatch,B1,42,5193794695500498632,2931233106627684984,100,100,0,100,1,1,1,0,0,0,0,0,0,0,0,0,0,100,0,0,0,0,4.6698011834472348,0,0
20,frame_mismatch,P,42,5193794695500498632,2931233106627684984,100,0,0,0,0,0,0,0,0,0,0,0,0,0,0,0,0,100,0,0,0,0,4.6698011834472348,0,0
21,frame_mismatch,B0,42,12200570134785767245,5001653755685829197,100,100,0,100,1,1,1,0,0,0,0,0,0,0,0,0,0,100,0,0,0,0,5.366372619492072,0,0
21,frame_mismatch,B1,42,12200570134785767245,5001653755685829197,100,100,0,100,1,1,1,0,0,0,0,0,0,0,0,0,0,100,0,0,0,0,5.366372619492072,0,0
21,frame_mismatch,P,42,12200570134785767245,5001653755685829197,100,0,0,0,0,0,0,0,0,0,0,0,0,0,0,0,0,100,0,0,0,0,5.366372619492072,0,0
22,frame_mismatch,B0,42,6639034778626213330,14217674694495990578,100,100,0,100,1,1,1,0,0,0,0,0,0,0,0,0,0,100,0,0,0,0,3.2344187275339005,0,0
22,frame_mismatch,B1,42,6639034778626213330,14217674694495990578,100,100,0,100,1,1,1,0,0,0,0,0,0,0,0,0,0,100,0,0,0,0,3.2344187275339005,0,0
22,frame_mismatch,P,42,6639034778626213330,14217674694495990578,100,0,0,0,0,0,0,0,0,0,0,0,0,0,0,0,0,100,0,0,0,0,3.2344187275339005,0,0
23,frame_mismatch,B0,42,5188156410933320695,8030300144435567687,100,100,0,100,1,1,1,0,0,0,0,0,0,0,0,0,0,100,0,0,0,0,5.1618258393395058,0,0
23,frame_mismatch,B1,42,5188156410933320695,8030300144435567687,100,100,0,100,1,1,1,0,0,0,0,0,0,0,0,0,0,100,0,0,0,0,5.1618258393395058,0,0
23,frame_mismatch,P,42,5188156410933320695,8030300144435567687,100,0,0,0,0,0,0,0,0,0,0,0,0,0,0,0,0,100,0,0,0,0,5.1618258393395058,0,0
24,frame_mismatch,B0,42,6139046086183888228,4402638321803905108,100,100,0,100,1,1,1,0,0,0,0,0,0,0,0,0,0,100,0,0,0,0,4.8620666514688038,0,0
24,frame_mismatch,B1,42,6139046086183888228,4402638321803905108,100,100,0,100,1,1,1,0,0,0,0,0,0,0,0,0,0,100,0,0,0,0,4.8620666514688038,0,0
24,frame_mismatch,P,42,6139046086183888228,4402638321803905108,100,0,0,0,0,0,0,0,0,0,0,0,0,0,0,0,0,100,0,0,0,0,4.8620666514688038,0,0
25,frame_mismatch,B0,42,14852878865191795913,5430335782634664601,100,100,0,100,1,1,1,0,0,0,0,0,0,0,0,0,0,100,0,0,0,0,4.7269549070601133,0,0
25,frame_mismatch,B1,42,14852878865191795913,5430335782634664601,100,100,0,100,1,1,1,0,0,0,0,0,0,0,0,0,0,100,0,0,0,0,4.7269549070601133,0,0
25,frame_mismatch,P,42,14852878865191795913,5430335782634664601,100,0,0,0,0,0,0,0,0,0,0,0,0,0,0,0,0,100,0,0,0,0,4.7269549070601133,0,0
26,frame_mismatch,B0,42,10759014571150830798,12885351856104652814,100,100,0,100,1,1,1,0,0,0,0,0,0,0,0,0,0,100,0,0,0,0,4.9112939818163035,0,0
26,frame_mismatch,B1,42,10759014571150830798,12885351856104652814,100,100,0,100,1,1,1,0,0,0,0,0,0,0,0,0,0,100,0,0,0,0,4.9112939818163035,0,0
26,frame_mismatch,P,42,10759014571150830798,12885351856104652814,100,0,0,0,0,0,0,0,0,0,0,0,0,0,0,0,0,100,0,0,0,0,4.9112939818163035,0,0
27,frame_mismatch,B0,42,3714909113697100947,10890837582298791347,100,100,0,100,1,1,1,0,0,0,0,0,0,0,0,0,0,100,0,0,0,0,5.3893186585236474,0,0
27,frame_mismatch,B1,42,3714909113697100947,10890837582298791347,100,100,0,100,1,1,1,0,0,0,0,0,0,0,0,0,0,100,0,0,0,0,5.3893186585236474,0,0
27,frame_mismatch,P,42,3714909113697100947,10890837582298791347,100,0,0,0,0,0,0,0,0,0,0,0,0,0,0,0,0,100,0,0,0,0,5.3893186585236474,0,0
28,frame_mismatch,B0,42,15638994699027385520,17105456490117125456,100,100,0,100,1,1,1,0,0,0,0,0,0,0,0,0,0,100,0,0,0,0,4.7588767267276975,0,0
28,frame_mismatch,B1,42,15638994699027385520,17105456490117125456,100,100,0,100,1,1,1,0,0,0,0,0,0,0,0,0,0,100,0,0,0,0,4.7588767267276975,0,0
28,frame_mismatch,P,42,15638994699027385520,17105456490117125456,100,0,0,0,0,0,0,0,0,0,0,0,0,0,0,0,0,100,0,0,0,0,4.7588767267276975,0,0
29,frame_mismatch,B0,42,10786533052122665045,17502080940742617061,100,100,0,100,1,1,1,0,0,0,0,0,0,0,0,0,0,100,0,0,0,0,4.1153496281138144,0,0
29,frame_mismatch,B1,42,10786533052122665045,17502080940742617061,100,100,0,100,1,1,1,0,0,0,0,0,0,0,0,0,0,100,0,0,0,0,4.1153496281138144,0,0
29,frame_mismatch,P,42,10786533052122665045,17502080940742617061,100,0,0,0,0,0,0,0,0,0,0,0,0,0,0,0,0,100,0,0,0,0,4.1153496281138144,0,0
30,frame_mismatch,B0,42,17411780308251417786,7304216822266706154,100,100,0,100,1,1,1,0,0,0,0,0,0,0,0,0,0,100,0,0,0,0,5.1656800282186479,0,0
30,frame_mismatch,B1,42,17411780308251417786,7304216822266706154,100,100,0,100,1,1,1,0,0,0,0,0,0,0,0,0,0,100,0,0,0,0,5.1656800282186479,0,0
30,frame_mismatch,P,42,17411780308251417786,7304216822266706154,100,0,0,0,0,0,0,0,0,0,0,0,0,0,0,0,0,100,0,0,0,0,5.1656800282186479,0,0
31,frame_mismatch,B0,42,14960714582419432383,16020616782549973887,100,100,0,100,1,1,1,0,0,0,0,0,0,0,0,0,0,100,0,0,0,0,3.4409769389809663,0,0
31,frame_mismatch,B1,42,14960714582419432383,16020616782549973887,100,100,0,100,1,1,1,0,0,0,0,0,0,0,0,0,0,100,0,0,0,0,3.4409769389809663,0,0
31,frame_mismatch,P,42,14960714582419432383,16020616782549973887,100,0,0,0,0,0,0,0,0,0,0,0,0,0,0,0,0,100,0,0,0,0,3.4409769389809663,0,0
32,frame_mismatch,B0,42,10781159969224193356,17177415594680913228,100,100,0,100,1,1,1,0,0,0,0,0,0,0,0,0,0,100,0,0,0,0,4.1526348890546512,0,0
32,frame_mismatch,B1,42,10781159969224193356,17177415594680913228,100,100,0,100,1,1,1,0,0,0,0,0,0,0,0,0,0,100,0,0,0,0,4.1526348890546512,0,0
32,frame_mismatch,P,42,10781159969224193356,17177415594680913228,100,0,0,0,0,0,0,0,0,0,0,0,0,0,0,0,0,100,0,0,0,0,4.1526348890546512,0,0
33,frame_mismatch,B0,42,11728230447752747985,6818929357566980721,100,100,0,100,1,1,1,0,0,0,0,0,0,0,0,0,0,100,0,0,0,0,4.818343529607314,0,0
33,frame_mismatch,B1,42,11728230447752747985,6818929357566980721,100,100,0,100,1,1,1,0,0,0,0,0,0,0,0,0,0,100,0,0,0,0,4.818343529607314,0,0
33,frame_mismatch,P,42,11728230447752747985,6818929357566980721,100,0,0,0,0,0,0,0,0,0,0,0,0,0,0,0,0,100,0,0,0,0,4.818343529607314,0,0
34,frame_mismatch,B0,42,8945314669155935606,17659988193515924966,100,100,0,100,1,1,1,0,0,0,0,0,0,0,0,0,0,100,0,0,0,0,4.0600262678927095,0,0
34,frame_mismatch,B1,42,8945314669155935606,17659988193515924966,100,100,0,100,1,1,1,0,0,0,0,0,0,0,0,0,0,100,0,0,0,0,4.0600262678927095,0,0
34,frame_mismatch,P,42,8945314669155935606,17659988193515924966,100,0,0,0,0,0,0,0,0,0,0,0,0,0,0,0,0,100,0,0,0,0,4.0600262678927095,0,0
35,frame_mismatch,B0,42,227496352486774043,14812972292159531883,100,100,0,100,1,1,1,0,0,0,0,0,0,0,0,0,0,100,0,0,0,0,4.9879747382217685,0,0
35,frame_mismatch,B1,42,227496352486774043,14812972292159531883,100,100,0,100,1,1,1,0,0,0,0,0,0,0,0,0,0,100,0,0,0,0,4.9879747382217685,0,0
35,frame_mismatch,P,42,227496352486774043,14812972292159531883,100,0,0,0,0,0,0,0,0,0,0,0,0,0,0,0,0,100,0,0,0,0,4.9879747382217685,0,0
36,frame_mismatch,B0,42,10407102038042272184,16637887074260245384,100,100,0,100,1,1,1,0,0,0,0,0,0,0,0,0,0,100,0,0,0,0,4.1788288837674132,0,0
36,frame_mismatch,B1,42,10407102038042272184,16637887074260245384,100,100,0,100,1,1,1,0,0,0,0,0,0,0,0,0,0,100,0,0,0,0,4.1788288837674132,0,0
36,frame_mismatch,P,42,10407102038042272184,16637887074260245384,100,0,0,0,0,0,0,0,0,0,0,0,0,0,0,0,0,100,0,0,0,0,4.1788288837674132,0,0
37,frame_mismatch,B0,42,4267529692386032381,10387750945817989981,100,100,0,100,1,1,1,0,0,0,0,0,0,0,0,0,0,100,0,0,0,0,4.6841424101990725,0,0
37,frame_mismatch,B1,42,4267529692386032381,10387750945817989981,100,100,0,100,1,1,1,0,0,0,0,0,0,0,0,0,0,100,0,0,0,0,4.6841424101990725,0,0
37,frame_mismatch,P,42,4267529692386032381,10387750945817989981,100,0,0,0,0,0,0,0,0,0,0,0,0,0,0,0,0,100,0,0,0,0,4.6841424101990725,0,0
38,frame_mismatch,B0,42,8494821390787606338,7545084689255301378,100,100,0,100,1,1,1,0,0,0,0,0,0,0,0,0,0,100,0,0,0,0,3.6010471988532613,0,0
38,frame_mismatch,B1,42,8494821390787606338,7545084689255301378,100,100,0,100,1,1,1,0,0,0,0,0,0,0,0,0,0,100,0,0,0,0,3.6010471988532613,0,0
38,frame_mismatch,P,42,8494821390787606338,7545084689255301378,100,0,0,0,0,0,0,0,0,0,0,0,0,0,0,0,0,100,0,0,0,0,3.6010471988532613,0,0
39,frame_mismatch,B0,42,6910402922770238631,4120066516264454679,100,100,0,100,1,1,1,0,0,0,0,0,0,0,0,0,0,100,0,0,0,0,4.4079831861598171,0,0
39,frame_mismatch,B1,42,6910402922770238631,4120066516264454679,100,100,0,100,1,1,1,0,0,0,0,0,0,0,0,0,0,100,0,0,0,0,4.4079831861598171,0,0
39,frame_mismatch,P,42,6910402922770238631,4120066516264454679,100,0,0,0,0,0,0,0,0,0,0,0,0,0,0,0,0,100,0,0,0,0,4.4079831861598171,0,0
40,frame_mismatch,B0,42,4008714893987389780,11326432222061867684,100,100,0,100,1,1,1,0,0,0,0,0,0,0,0,0,0,100,0,0,0,0,3.7878725731458229,0,0
40,frame_mismatch,B1,42,4008714893987389780,11326432222061867684,100,100,0,100,1,1,1,0,0,0,0,0,0,0,0,0,0,100,0,0,0,0,3.7878725731458229,0,0
40,frame_mismatch,P,42,4008714893987389780,11326432222061867684,100,0,0,0,0,0,0,0,0,0,0,0,0,0,0,0,0,100,0,0,0,0,3.7878725731458229,0,0
41,frame_mismatch,B0,42,8362665835234397177,8984326400869223209,100,100,0,100,1,1,1,0,0,0,0,0,0,0,0,0,0,100,0,0,0,0,5.4828107868125722,0,0
41,frame_mismatch,B1,42,8362665835234397177,8984326400869223209,100,100,0,100,1,1,1,0,0,0,0,0,0,0,0,0,0,100,0,0,0,0,5.4828107868125722,0,0
41,frame_mismatch,P,42,8362665835234397177,8984326400869223209,100,0,0,0,0,0,0,0,0,0,0,0,0,0,0,0,0,100,0,0,0,0,5.4828107868125722,0,0
42,frame_mismatch,B0,42,3400424375343960062,9276888999913836062,100,100,0,100,1,1,1,0,0,0,0,0,0,0,0,0,0,100,0,0,0,0,4.1744207017510675,0,0
42,frame_mismatch,B1,42,3400424375343960062,9276888999913836062,100,100,0,100,1,1,1,0,0,0,0,0,0,0,0,0,0,100,0,0,0,0,4.1744207017510675,0,0
42,frame_mismatch,P,42,3400424375343960062,9276888999913836062,100,0,0,0,0,0,0,0,0,0,0,0,0,0,0,0,0,100,0,0,0,0,4.1744207017510675,0,0
43,frame_mismatch,B0,42,4619782524672878147,9889130483853898819,100,100,0,100,1,1,1,0,0,0,0,0,0,0,0,0,0,100,0,0,0,0,4.7536694019119139,0,0
43,frame_mismatch,B1,42,4619782524672878147,9889130483853898819,100,100,0,100,1,1,1,0,0,0,0,0,0,0,0,0,0,100,0,0,0,0,4.7536694019119139,0,0
43,frame_mismatch,P,42,4619782524672878147,9889130483853898819,100,0,0,0,0,0,0,0,0,0,0,0,0,0,0,0,0,100,0,0,0,0,4.7536694019119139,0,0
44,frame_mismatch,B0,42,5885750343499270368,11958982660424382688,100,100,0,100,1,1,1,0,0,0,0,0,0,0,0,0,0,100,0,0,0,0,4.7422619277174114,0,0
44,frame_mismatch,B1,42,5885750343499270368,11958982660424382688,100,100,0,100,1,1,1,0,0,0,0,0,0,0,0,0,0,100,0,0,0,0,4.7422619277174114,0,0
44,frame_mismatch,P,42,5885750343499270368,11958982660424382688,100,0,0,0,0,0,0,0,0,0,0,0,0,0,0,0,0,100,0,0,0,0,4.7422619277174114,0,0
45,frame_mismatch,B0,42,12196532709613882821,1958389750342304565,100,100,0,100,1,1,1,0,0,0,0,0,0,0,0,0,0,100,0,0,0,0,5.3078829276626625,0,0
45,frame_mismatch,B1,42,12196532709613882821,1958389750342304565,100,100,0,100,1,1,1,0,0,0,0,0,0,0,0,0,0,100,0,0,0,0,5.3078829276626625,0,0
45,frame_mismatch,P,42,12196532709613882821,1958389750342304565,100,0,0,0,0,0,0,0,0,0,0,0,0,0,0,0,0,100,0,0,0,0,5.3078829276626625,0,0
46,frame_mismatch,B0,42,3734636061985099818,2543974361794572794,100,100,0,100,1,1,1,0,0,0,0,0,0,0,0,0,0,100,0,0,0,0,5.0767959849945239,0,0
46,frame_mismatch,B1,42,3734636061985099818,2543974361794572794,100,100,0,100,1,1,1,0,0,0,0,0,0,0,0,0,0,100,0,0,0,0,5.0767959849945239,0,0
46,frame_mismatch,P,42,3734636061985099818,2543974361794572794,100,0,0,0,0,0,0,0,0,0,0,0,0,0,0,0,0,100,0,0,0,0,5.0767959849945239,0,0
47,frame_mismatch,B0,42,12467931653091690479,7245018333941089743,100,100,0,100,1,1,1,0,0,0,0,0,0,0,0,0,0,100,0,0,0,0,3.0094529565393615,0,0
47,frame_mismatch,B1,42,12467931653091690479,7245018333941089743,100,100,0,100,1,1,1,0,0,0,0,0,0,0,0,0,0,100,0,0,0,0,3.0094529565393615,0,0
47,frame_mismatch,P,42,12467931653091690479,7245018333941089743,100,0,0,0,0,0,0,0,0,0,0,0,0,0,0,0,0,100,0,0,0,0,3.0094529565393615,0,0
48,frame_mismatch,B0,42,8904377412729884668,971155255214072284,100,100,0,100,1,1,1,0,0,0,0,0,0,0,0,0,0,100,0,0,0,0,5.3519620018527609,0,0
48,frame_mismatch,B1,42,8904377412729884668,971155255214072284,100,100,0,100,1,1,1,0,0,0,0,0,0,0,0,0,0,100,0,0,0,0,5.3519620018527609,0,0
48,frame_mismatch,P,42,8904377412729884668,971155255214072284,100,0,0,0,0,0,0,0,0,0,0,0,0,0,0,0,0,100,0,0,0,0,5.3519620018527609,0,0
49,frame_mismatch,B0,42,17446664036809962113,3203186094321343681,100,100,0,100,1,1,1,0,0,0,0,0,0,0,0,0,0,100,0,0,0,0,4.5283760689613199,0,0
49,frame_mismatch,B1,42,17446664036809962113,3203186094321343681,100,100,0,100,1,1,1,0,0,0,0,0,0,0,0,0,0,100,0,0,0,0,4.5283760689613199,0,0
49,frame_mismatch,P,42,17446664036809962113,3203186094321343681,100,0,0,0,0,0,0,0,0,0,0,0,0,0,0,0,0,100,0,0,0,0,4.5283760689613199,0,0
